id_prod,categ,price,nb_sold,sales
0_0,0,3.75,611,2291.25
0_1,0,10.99,249,2736.51
0_10,0,17.95,12,215.39999999999998
0_100,0,20.6,2,41.2
0_1000,0,6.84,222,1518.48
0_1001,0,4.99,211,1052.89
0_1002,0,8.31,231,1919.6100000000001
0_1003,0,14.99,219,3282.81
0_1004,0,8.07,206,1662.42
0_1005,0,20.99,3,62.97
0_1006,0,26.64,4,106.56
0_1007,0,4.99,216,1077.8400000000001
0_1008,0,4.73,196,927.08
0_1009,0,14.99,218,3267.82
0_101,0,12.99,8,103.92
0_1010,0,1.96,7,13.719999999999999
0_1011,0,13.99,208,2909.92
0_1012,0,32.4,2,64.8
0_1013,0,4.99,222,1107.78
0_1014,0,1.15,0,0.0
0_1015,0,10.99,231,2538.69
0_1016,0,35.06,0,0.0
0_1017,0,8.99,219,1968.81
0_1018,0,11.06,215,2377.9
0_1019,0,24.99,3,74.97
0_102,0,11.18,7,78.25999999999999
0_1020,0,9.71,218,2116.78
0_1021,0,8.99,194,1744.06
0_1022,0,23.57,4,94.28
0_1023,0,4.99,265,1322.3500000000001
0_1024,0,30.11,2,60.22
0_1025,0,24.99,0,0.0
0_1026,0,9.65,240,2316.0
0_1027,0,4.99,247,1232.53
0_1028,0,4.51,238,1073.3799999999999
0_1029,0,7.99,240,1917.6000000000001
0_103,0,10.99,5,54.95
0_1030,0,13.73,227,3116.71
0_1031,0,6.99,201,1404.99
0_1032,0,21.6,3,64.80000000000001
0_1033,0,7.99,222,1773.78
0_1034,0,14.38,203,2919.1400000000003
0_1035,0,3.99,212,845.88
0_1036,0,7.56,189,1428.84
0_1037,0,20.99,2,41.98
0_1038,0,9.74,231,2249.94
0_1039,0,11.99,205,2457.95
0_104,0,9.06,7,63.42
0_1040,0,6.25,192,1200.0
0_1041,0,1.99,4,7.96
0_1042,0,18.53,218,4039.5400000000004
0_1043,0,10.99,196,2154.04
0_1044,0,6.59,169,1113.71
0_1045,0,5.99,206,1233.94
0_1046,0,10.06,190,1911.4
0_1047,0,6.99,210,1467.9
0_1048,0,4.42,198,875.16
0_1049,0,12.99,228,2961.7200000000003
0_105,0,7.99,9,71.91
0_1050,0,12.51,222,2777.22
0_1051,0,2.99,3,8.97
0_1052,0,3.79,179,678.41
0_1053,0,10.99,214,2351.86
0_1054,0,8.11,195,1581.4499999999998
0_1055,0,7.99,230,1837.7
0_1056,0,2.46,2,4.92
0_1057,0,19.99,184,3678.16
0_1058,0,3.69,214,789.66
0_1059,0,18.99,214,4063.8599999999997
0_106,0,9.4,9,84.60000000000001
0_1060,0,12.53,198,2480.94
0_1061,0,19.99,199,3978.0099999999998
0_1062,0,20.08,0,0.0
0_1063,0,5.99,197,1180.03
0_1064,0,4.57,206,941.4200000000001
0_1065,0,15.99,192,3070.08
0_1066,0,9.44,199,1878.56
0_1067,0,12.99,261,3390.39
0_1068,0,22.13,5,110.64999999999999
0_1069,0,7.99,239,1909.6100000000001
0_107,0,11.99,7,83.93
0_1070,0,4.38,214,937.3199999999999
0_1071,0,22.99,3,68.97
0_1072,0,14.82,249,3690.1800000000003
0_1073,0,13.99,271,3791.29
0_1074,0,2.44,1,2.44
0_1075,0,10.99,270,2967.3
0_1076,0,25.11,5,125.55
0_1077,0,1.99,8,15.92
0_1078,0,6.92,241,1667.72
0_1079,0,5.99,246,1473.54
0_108,0,13.93,9,125.37
0_1080,0,2.43,3,7.290000000000001
0_1081,0,11.99,251,3009.4900000000002
0_1082,0,15.41,254,3914.14
0_1083,0,16.99,261,4434.389999999999
0_1084,0,22.92,6,137.52
0_1085,0,3.99,258,1029.42
0_1086,0,1.41,3,4.2299999999999995
0_1087,0,29.99,2,59.98
0_1088,0,1.09,3,3.2700000000000005
0_1089,0,3.99,278,1109.22
0_109,0,4.99,11,54.89
0_1090,0,13.78,268,3693.04
0_1091,0,9.99,268,2677.32
0_1092,0,22.02,8,176.16
0_1093,0,2.99,7,20.93
0_1094,0,16.98,271,4601.58
0_1095,0,6.99,298,2083.02
0_1096,0,10.99,263,2890.37
0_1097,0,11.99,284,3405.16
0_1098,0,31.25,4,125.0
0_1099,0,10.99,269,2956.31
0_11,0,13.99,9,125.91
0_110,0,29.04,9,261.36
0_1100,0,3.03,258,781.7399999999999
0_1101,0,1.99,1,1.99
0_1102,0,4.63,294,1361.22
0_1103,0,12.99,319,4143.81
0_1104,0,13.21,284,3751.6400000000003
0_1105,0,8.99,280,2517.2000000000003
0_1106,0,14.27,290,4138.3
0_1107,0,2.99,7,20.93
0_1108,0,17.45,271,4728.95
0_1109,0,29.99,5,149.95
0_111,0,19.99,11,219.89
0_1110,0,4.71,297,1398.87
0_1111,0,19.99,281,5617.19
0_1112,0,7.27,292,2122.8399999999997
0_1113,0,16.99,251,4264.49
0_1114,0,2.08,4,8.32
0_1115,0,6.99,266,1859.3400000000001
0_1116,0,2.97,1,2.97
0_1117,0,24.99,10,249.89999999999998
0_1118,0,3.64,242,880.88
0_1119,0,2.99,0,0.0
0_112,0,17.71,8,141.68
0_1120,0,21.84,1,21.84
0_1121,0,19.99,284,5677.16
0_1122,0,20.02,3,60.06
0_1123,0,12.99,228,2961.7200000000003
0_1124,0,19.41,237,4600.17
0_1125,0,12.99,242,3143.58
0_1126,0,11.78,231,2721.18
0_1127,0,5.99,245,1467.55
0_1128,0,2.96,2,5.92
0_1129,0,24.99,5,124.94999999999999
0_113,0,16.99,10,169.89999999999998
0_1130,0,12.89,254,3274.06
0_1131,0,17.99,265,4767.349999999999
0_1132,0,11.33,229,2594.57
0_1133,0,19.99,234,4677.66
0_1134,0,11.72,249,2918.28
0_1135,0,26.99,3,80.97
0_1136,0,3.02,255,770.1
0_1137,0,7.99,246,1965.54
0_1138,0,2.33,6,13.98
0_1139,0,3.99,244,973.5600000000001
0_114,0,19.15,14,268.09999999999997
0_1140,0,3.73,236,880.28
0_1141,0,20.99,3,62.97
0_1142,0,3.42,279,954.18
0_1143,0,9.99,266,2657.34
0_1144,0,18.87,268,5057.16
0_1145,0,6.99,264,1845.3600000000001
0_1146,0,20.42,3,61.260000000000005
0_1147,0,6.99,249,1740.51
0_1148,0,26.77,5,133.85
0_1149,0,5.99,228,1365.72
0_115,0,6.99,7,48.93
0_1150,0,24.4,4,97.6
0_1151,0,2.99,1,2.99
0_1152,0,10.7,261,2792.7
0_1153,0,5.99,256,1533.44
0_1154,0,12.82,36,461.52
0_1155,0,2.99,4,11.96
0_1156,0,12.79,255,3261.45
0_1157,0,18.99,273,5184.2699999999995
0_1158,0,10.18,240,2443.2
0_1159,0,7.99,231,1845.69
0_116,0,12.71,8,101.68
0_1160,0,17.87,211,3770.57
0_1161,0,31.99,4,127.96
0_1162,0,17.56,169,2967.64
0_1163,0,9.99,239,2387.61
0_1164,0,31.23,4,124.92
0_1165,0,2.99,1,2.99
0_1166,0,18.45,181,3339.45
0_1167,0,8.99,188,1690.1200000000001
0_1168,0,11.91,140,1667.4
0_1169,0,9.99,139,1388.6100000000001
0_117,0,7.99,11,87.89
0_1170,0,4.19,174,729.0600000000001
0_1171,0,0.99,4,3.96
0_1172,0,10.71,154,1649.3400000000001
0_1173,0,18.99,168,3190.3199999999997
0_1174,0,3.52,161,566.72
0_1175,0,8.99,178,1600.22
0_1176,0,7.65,162,1239.3
0_1177,0,4.99,135,673.65
0_1178,0,10.13,138,1397.94
0_1179,0,5.99,133,796.6700000000001
0_118,0,1.98,9,17.82
0_1180,0,14.25,144,2052.0
0_1181,0,11.99,174,2086.26
0_1182,0,19.88,165,3280.2
0_1183,0,17.99,166,2986.3399999999997
0_1184,0,4.1,144,590.4
0_1185,0,5.99,162,970.38
0_1186,0,12.3,165,2029.5000000000002
0_1187,0,6.99,144,1006.5600000000001
0_1188,0,14.94,172,2569.68
0_1189,0,17.99,139,2500.6099999999997
0_119,0,2.99,3,8.97
0_1190,0,6.63,163,1080.69
0_1191,0,0.99,2,1.98
0_1192,0,12.52,172,2153.44
0_1193,0,9.99,167,1668.33
0_1194,0,20.92,9,188.28000000000003
0_1195,0,6.99,168,1174.32
0_1196,0,6.51,173,1126.23
0_1197,0,6.99,144,1006.5600000000001
0_1198,0,11.59,158,1831.22
0_1199,0,14.99,156,2338.44
0_12,0,13.48,14,188.72
0_120,0,0.66,8,5.28
0_1200,0,13.9,138,1918.2
0_1201,0,10.99,144,1582.56
0_1202,0,4.83,134,647.22
0_1203,0,0.99,5,4.95
0_1204,0,3.44,121,416.24
0_1205,0,10.99,133,1461.67
0_1206,0,4.33,142,614.86
0_1207,0,16.99,132,2242.68
0_1208,0,5.65,143,807.95
0_1209,0,8.99,160,1438.4
0_121,0,16.99,9,152.91
0_1210,0,16.44,128,2104.32
0_1211,0,2.99,5,14.950000000000001
0_1212,0,6.31,154,971.7399999999999
0_1213,0,21.99,2,43.98
0_1214,0,21.91,8,175.28
0_1215,0,31.99,2,63.98
0_1216,0,19.75,118,2330.5
0_1217,0,24.99,4,99.96
0_1218,0,3.32,139,461.47999999999996
0_1219,0,3.99,121,482.79
0_122,0,5.76,18,103.67999999999999
0_1220,0,12.98,141,1830.18
0_1221,0,2.99,4,11.96
0_1222,0,6.99,152,1062.48
0_1223,0,5.99,134,802.6600000000001
0_1224,0,14.56,153,2227.6800000000003
0_1225,0,12.99,137,1779.63
0_1226,0,9.97,155,1545.3500000000001
0_1227,0,4.99,141,703.59
0_1228,0,3.55,139,493.45
0_1229,0,6.99,154,1076.46
0_123,0,14.99,24,359.76
0_1230,0,12.83,162,2078.46
0_1231,0,25.99,2,51.98
0_1232,0,26.65,5,133.25
0_1233,0,21.99,1,21.99
0_1234,0,7.29,129,940.41
0_1235,0,1.99,10,19.9
0_1236,0,19.79,149,2948.71
0_1237,0,24.99,2,49.98
0_1238,0,14.66,151,2213.66
0_1239,0,37.99,4,151.96
0_124,0,20.17,3,60.510000000000005
0_1240,0,22.7,5,113.5
0_1241,0,1.99,6,11.94
0_1242,0,7.97,143,1139.71
0_1243,0,15.99,173,2766.27
0_1244,0,2.49,8,19.92
0_1245,0,5.99,175,1048.25
0_1246,0,7.01,159,1114.59
0_1247,0,15.99,194,3102.06
0_1248,0,7.49,185,1385.65
0_1249,0,12.99,200,2598.0
0_125,0,3.99,27,107.73
0_1250,0,5.17,159,822.03
0_1251,0,21.99,5,109.94999999999999
0_1252,0,4.31,196,844.7599999999999
0_1253,0,12.99,197,2559.03
0_1254,0,5.22,183,955.26
0_1255,0,10.99,185,2033.15
0_1256,0,11.03,186,2051.58
0_1257,0,10.99,185,2033.15
0_1258,0,17.94,176,3157.44
0_1259,0,11.99,174,2086.26
0_126,0,9.19,37,340.03
0_1260,0,10.35,215,2225.25
0_1261,0,8.99,169,1519.31
0_1262,0,21.71,6,130.26
0_1263,0,22.99,4,91.96
0_1264,0,15.97,187,2986.3900000000003
0_1265,0,32.99,5,164.95000000000002
0_1266,0,4.28,189,808.9200000000001
0_1267,0,3.99,183,730.1700000000001
0_1268,0,6.29,191,1201.39
0_1269,0,2.99,7,20.93
0_127,0,7.99,29,231.71
0_1270,0,6.62,195,1290.9
0_1271,0,1.99,2,3.98
0_1272,0,17.01,193,3282.9300000000003
0_1273,0,8.99,170,1528.3
0_1274,0,7.86,189,1485.54
0_1275,0,3.99,173,690.27
0_1276,0,23.17,7,162.19
0_1277,0,7.99,208,1661.92
0_1278,0,8.96,201,1800.9600000000003
0_1279,0,20.99,1,20.99
0_128,0,18.61,31,576.91
0_1280,0,11.96,184,2200.6400000000003
0_1281,0,12.99,186,2416.14
0_1282,0,5.67,167,946.89
0_1283,0,0.99,3,2.9699999999999998
0_1284,0,1.38,1,1.38
0_1285,0,4.99,176,878.24
0_1286,0,24.2,7,169.4
0_1287,0,11.99,214,2565.86
0_1288,0,9.55,179,1709.45
0_1289,0,12.99,162,2104.38
0_129,0,21.99,8,175.92
0_1290,0,11.57,149,1723.93
0_1291,0,16.99,161,2735.39
0_1292,0,9.8,186,1822.8000000000002
0_1293,0,11.99,159,1906.41
0_1294,0,3.28,154,505.11999999999995
0_1295,0,10.99,146,1604.54
0_1296,0,5.83,190,1107.7
0_1297,0,18.99,156,2962.4399999999996
0_1298,0,18.32,157,2876.2400000000002
0_1299,0,6.99,169,1181.31
0_13,0,7.99,10,79.9
0_130,0,6.9,34,234.60000000000002
0_1300,0,20.91,5,104.55
0_1301,0,5.99,156,934.44
0_1302,0,2.92,5,14.6
0_1303,0,7.99,165,1318.3500000000001
0_1304,0,5.86,164,961.0400000000001
0_1305,0,21.99,4,87.96
0_1306,0,16.22,166,2692.52
0_1307,0,18.99,163,3095.37
0_1308,0,16.56,173,2864.8799999999997
0_1309,0,18.99,162,3076.3799999999997
0_131,0,11.99,28,335.72
0_1310,0,2.21,5,11.05
0_1311,0,18.99,144,2734.56
0_1312,0,22.71,7,158.97
0_1313,0,13.99,171,2392.29
0_1314,0,20.63,5,103.14999999999999
0_1315,0,10.99,155,1703.45
0_1316,0,7.2,160,1152.0
0_1317,0,4.99,189,943.11
0_1318,0,20.92,0,0.0
0_1319,0,14.99,170,2548.3
0_132,0,15.97,32,511.04
0_1320,0,12.08,188,2271.04
0_1321,0,15.99,179,2862.21
0_1322,0,4.33,180,779.4
0_1323,0,10.99,233,2560.67
0_1324,0,3.93,278,1092.54
0_1325,0,9.99,482,4815.18
0_1326,0,14.74,320,4716.8
0_1327,0,2.99,5,14.950000000000001
0_1328,0,8.52,456,3885.12
0_1329,0,0.99,5,4.95
0_133,0,5.99,35,209.65
0_1330,0,10.44,503,5251.32
0_1331,0,29.99,2,59.98
0_1332,0,33.12,4,132.48
0_1333,0,5.99,501,3000.9900000000002
0_1334,0,17.74,493,8745.82
0_1335,0,17.99,490,8815.099999999999
0_1336,0,21.09,7,147.63
0_1337,0,21.99,5,109.94999999999999
0_1338,0,9.28,517,4797.759999999999
0_1339,0,8.99,442,3973.58
0_134,0,8.22,25,205.50000000000003
0_1340,0,14.76,478,7055.28
0_1341,0,9.99,439,4385.61
0_1342,0,19.49,486,9472.14
0_1343,0,21.99,2,43.98
0_1344,0,19.04,484,9215.359999999999
0_1345,0,17.99,472,8491.279999999999
0_1346,0,21.62,6,129.72
0_1347,0,5.99,502,3006.98
0_1348,0,12.03,479,5762.37
0_1349,0,15.99,512,8186.88
0_135,0,12.99,30,389.7
0_1350,0,14.45,523,7557.349999999999
0_1351,0,8.99,514,4620.86
0_1352,0,4.5,511,2299.5
0_1353,0,19.99,486,9715.14
0_1354,0,7.02,492,3453.8399999999997
0_1355,0,18.99,520,9874.8
0_1356,0,5.57,525,2924.25
0_1357,0,15.99,509,8138.91
0_1358,0,16.49,542,8937.58
0_1359,0,25.99,2,51.98
0_136,0,13.49,18,242.82
0_1360,0,4.33,504,2182.32
0_1361,0,3.99,525,2094.75
0_1362,0,11.3,521,5887.3
0_1363,0,16.99,467,7934.329999999999
0_1364,0,0.81,7,5.67
0_1365,0,2.99,6,17.94
0_1366,0,16.65,533,8874.449999999999
0_1367,0,11.99,434,5203.66
0_1368,0,5.13,453,2323.89
0_1369,0,30.99,6,185.94
0_137,0,31.99,7,223.92999999999998
0_1370,0,11.3,424,4791.200000000001
0_1371,0,21.99,6,131.94
0_1372,0,1.78,5,8.9
0_1373,0,18.99,444,8431.56
0_1374,0,21.0,6,126.0
0_1375,0,7.99,378,3020.2200000000003
0_1376,0,16.24,450,7307.999999999999
0_1377,0,14.99,412,6175.88
0_1378,0,13.96,453,6323.88
0_1379,0,2.99,1,2.99
0_138,0,19.95,21,418.95
0_1380,0,7.45,433,3225.85
0_1381,0,5.99,433,2593.67
0_1382,0,15.62,430,6716.599999999999
0_1383,0,12.99,436,5663.64
0_1384,0,14.44,452,6526.88
0_1385,0,11.99,406,4867.9400000000005
0_1386,0,13.16,455,5987.8
0_1387,0,10.99,430,4725.7
0_1388,0,17.15,447,7666.049999999999
0_1389,0,20.99,2,41.98
0_139,0,2.99,5,14.950000000000001
0_1390,0,19.37,439,8503.43
0_1391,0,7.99,409,3267.9100000000003
0_1392,0,6.3,433,2727.9
0_1393,0,11.99,465,5575.35
0_1394,0,15.63,448,7002.240000000001
0_1395,0,3.99,421,1679.7900000000002
0_1396,0,9.57,493,4718.01
0_1397,0,14.99,481,7210.1900000000005
0_1398,0,4.52,525,2373.0
0_1399,0,17.99,480,8635.199999999999
0_14,0,9.41,14,131.74
0_140,0,3.09,28,86.52
0_1400,0,5.15,429,2209.3500000000004
0_1401,0,10.99,481,5286.1900000000005
0_1402,0,3.0,6,18.0
0_1403,0,15.99,457,7307.43
0_1404,0,6.84,514,3515.7599999999998
0_1405,0,4.99,576,2874.2400000000002
0_1406,0,2.5,5,12.5
0_1407,0,13.99,550,7694.5
0_1408,0,1.01,5,5.05
0_1409,0,4.99,615,3068.85
0_141,0,2.99,8,23.92
0_1410,0,14.85,600,8910.0
0_1411,0,8.99,626,5627.74
0_1412,0,11.73,584,6850.320000000001
0_1413,0,2.99,3,8.97
0_1414,0,19.38,574,11124.119999999999
0_1415,0,34.99,9,314.91
0_1416,0,9.56,615,5879.400000000001
0_1417,0,17.99,593,10668.07
0_1418,0,8.57,546,4679.22
0_1419,0,8.99,609,5474.91
0_142,0,19.85,25,496.25000000000006
0_1420,0,11.53,594,6848.82
0_1421,0,19.99,598,11954.019999999999
0_1422,0,11.41,670,7644.7
0_1423,0,2.99,3,8.97
0_1424,0,8.41,612,5146.92
0_1425,0,12.99,631,8196.69
0_1426,0,13.44,585,7862.4
0_1427,0,28.99,2,57.98
0_1428,0,3.55,635,2254.25
0_1429,0,7.99,584,4666.16
0_143,0,34.99,4,139.96
0_1430,0,16.47,608,10013.759999999998
0_1431,0,10.99,631,6934.6900000000005
0_1432,0,15.36,621,9538.56
0_1433,0,27.99,6,167.94
0_1434,0,8.58,626,5371.08
0_1435,0,13.99,583,8156.17
0_1436,0,1.32,5,6.6000000000000005
0_1437,0,3.99,600,2394.0
0_1438,0,9.31,600,5586.0
0_1439,0,22.99,3,68.97
0_144,0,17.56,18,316.08
0_1440,0,5.62,610,3428.2000000000003
0_1441,0,18.99,624,11849.759999999998
0_1442,0,4.89,616,3012.24
0_1443,0,5.99,590,3534.1
0_1444,0,2.08,6,12.48
0_1445,0,9.99,617,6163.83
0_1446,0,8.09,576,4659.84
0_1447,0,4.99,529,2639.71
0_1448,0,18.94,552,10454.880000000001
0_1449,0,4.99,497,2480.03
0_145,0,28.99,6,173.94
0_1450,0,7.43,544,4041.92
0_1451,0,19.99,546,10914.539999999999
0_1452,0,13.77,521,7174.17
0_1453,0,7.99,556,4442.4400000000005
0_1454,0,7.41,491,3638.31
0_1455,0,8.99,507,4557.93
0_1456,0,27.42,3,82.26
0_1457,0,11.99,560,6714.400000000001
0_1458,0,6.55,538,3523.9
0_1459,0,0.99,4,3.96
0_146,0,17.14,23,394.22
0_1460,0,4.59,551,2529.09
0_1461,0,11.99,530,6354.7
0_1462,0,31.67,2,63.34
0_1463,0,21.99,2,43.98
0_1464,0,8.27,531,4391.37
0_1465,0,3.99,548,2186.52
0_1466,0,23.58,4,94.32
0_1467,0,4.99,490,2445.1
0_1468,0,6.08,543,3301.44
0_1469,0,14.99,522,7824.78
0_147,0,2.99,4,11.96
0_1470,0,19.53,534,10429.02
0_1471,0,12.99,568,7378.32
0_1472,0,12.49,541,6757.09
0_1473,0,15.99,571,9130.29
0_1474,0,9.88,576,5690.88
0_1475,0,11.99,580,6954.2
0_1476,0,15.66,595,9317.7
0_1477,0,1.99,5,9.95
0_1478,0,2.09,2,4.18
0_1479,0,15.99,553,8842.47
0_148,0,3.17,29,91.92999999999999
0_1480,0,4.15,546,2265.9
0_1481,0,3.99,563,2246.3700000000003
0_1482,0,8.32,403,3352.96
0_1483,0,4.99,403,2010.97
0_1484,0,25.23,4,100.92
0_1485,0,18.99,405,7690.95
0_1486,0,4.89,382,1867.9799999999998
0_1487,0,4.99,314,1566.8600000000001
0_1488,0,4.6,360,1655.9999999999998
0_1489,0,10.99,301,3307.9900000000002
0_149,0,17.99,20,359.79999999999995
0_1490,0,10.4,321,3338.4
0_1491,0,5.99,306,1832.94
0_1492,0,26.65,2,53.3
0_1493,0,14.99,326,4886.74
0_1494,0,7.6,348,2644.7999999999997
0_1495,0,22.99,2,45.98
0_1496,0,2.42,3,7.26
0_1497,0,30.99,4,123.96
0_1498,0,2.48,1,2.48
0_1499,0,11.99,309,3704.91
0_15,0,12.99,8,103.92
0_150,0,18.77,20,375.4
0_1500,0,21.61,3,64.83
0_1501,0,11.99,333,3992.67
0_1502,0,8.13,311,2528.4300000000003
0_1503,0,15.99,325,5196.75
0_1504,0,1.68,4,6.72
0_1505,0,14.99,350,5246.5
0_1506,0,10.0,315,3150.0
0_1507,0,3.99,346,1380.54
0_1508,0,8.03,349,2802.47
0_1509,0,4.99,320,1596.8000000000002
0_151,0,13.99,22,307.78000000000003
0_1510,0,2.18,3,6.540000000000001
0_1511,0,0.99,4,3.96
0_1512,0,5.29,325,1719.25
0_1513,0,8.99,330,2966.7000000000003
0_1514,0,11.01,312,3435.12
0_1515,0,6.99,292,2041.0800000000002
0_1516,0,11.43,342,3909.06
0_1517,0,17.99,367,6602.329999999999
0_1518,0,4.18,335,1400.3
0_1519,0,5.99,270,1617.3
0_152,0,10.83,25,270.75
0_1520,0,9.32,329,3066.28
0_1521,0,17.99,372,6692.28
0_1522,0,5.16,348,1795.68
0_1523,0,20.99,3,62.97
0_1524,0,13.94,320,4460.8
0_1525,0,6.99,291,2034.0900000000001
0_1526,0,6.62,299,1979.38
0_1527,0,7.99,319,2548.81
0_1528,0,11.38,284,3231.92
0_1529,0,3.99,312,1244.88
0_153,0,3.99,22,87.78
0_1530,0,3.24,306,991.44
0_1531,0,6.99,304,2124.96
0_1532,0,17.14,291,4987.74
0_1533,0,27.99,2,55.98
0_1534,0,4.62,300,1386.0
0_1535,0,1.99,3,5.97
0_1536,0,6.59,307,2023.1299999999999
0_1537,0,5.99,275,1647.25
0_1538,0,8.61,272,2341.92
0_1539,0,0.99,1,0.99
0_154,0,10.6,21,222.6
0_1540,0,18.23,279,5086.17
0_1541,0,11.99,291,3489.09
0_1542,0,18.09,283,5119.47
0_1543,0,13.99,316,4420.84
0_1544,0,37.91,1,37.91
0_1545,0,18.99,367,6969.329999999999
0_1546,0,12.86,301,3870.8599999999997
0_1547,0,8.99,293,2634.07
0_1548,0,9.66,301,2907.66
0_1549,0,25.99,1,25.99
0_155,0,5.99,33,197.67000000000002
0_1550,0,1.21,3,3.63
0_1551,0,12.99,311,4039.89
0_1552,0,0.98,4,3.92
0_1553,0,13.99,304,4252.96
0_1554,0,1.98,9,17.82
0_1555,0,15.99,318,5084.82
0_1556,0,18.91,322,6089.02
0_1557,0,6.99,329,2299.71
0_1558,0,11.19,289,3233.91
0_1559,0,9.99,310,3096.9
0_156,0,12.14,19,230.66000000000003
0_1560,0,12.12,315,3817.7999999999997
0_1561,0,5.99,302,1808.98
0_1562,0,14.73,349,5140.77
0_1563,0,3.99,351,1400.49
0_1564,0,11.12,352,3914.24
0_1565,0,7.99,338,2700.62
0_1566,0,9.04,401,3625.0399999999995
0_1567,0,16.99,354,6014.459999999999
0_1568,0,4.0,389,1556.0
0_1569,0,15.99,400,6396.0
0_157,0,19.99,18,359.82
0_1570,0,2.56,2,5.12
0_1571,0,5.99,358,2144.42
0_1572,0,8.61,364,3134.04
0_1573,0,6.99,364,2544.36
0_1574,0,9.67,380,3674.6
0_1575,0,4.99,393,1961.0700000000002
0_1576,0,2.29,1,2.29
0_1577,0,2.99,4,11.96
0_1578,0,17.79,422,7507.379999999999
0_1579,0,3.99,419,1671.8100000000002
0_158,0,16.54,18,297.71999999999997
0_1580,0,13.26,416,5516.16
0_1581,0,37.99,4,151.96
0_1582,0,24.42,1,24.42
0_1583,0,15.99,412,6587.88
0_1584,0,11.85,411,4870.349999999999
0_1585,0,4.99,400,1996.0
0_1586,0,12.71,408,5185.68
0_1587,0,14.99,425,6370.75
0_1588,0,24.39,2,48.78
0_1589,0,28.99,3,86.97
0_159,0,12.99,21,272.79
0_1590,0,18.93,406,7685.58
0_1591,0,9.99,420,4195.8
0_1592,0,25.23,4,100.92
0_1593,0,6.99,416,2907.84
0_1594,0,3.33,419,1395.27
0_1595,0,2.99,2,5.98
0_1596,0,10.36,418,4330.48
0_1597,0,33.99,3,101.97
0_1598,0,10.98,422,4633.56
0_1599,0,16.99,376,6388.24
0_16,0,3.22,10,32.2
0_160,0,9.12,26,237.11999999999998
0_1600,0,13.23,423,5596.29
0_1601,0,1.99,1,1.99
0_1602,0,20.19,6,121.14000000000001
0_1603,0,8.99,398,3578.02
0_1604,0,17.51,386,6758.860000000001
0_1605,0,6.99,338,2362.62
0_1606,0,17.4,397,6907.799999999999
0_1607,0,3.99,390,1556.1000000000001
0_1608,0,12.24,361,4418.64
0_1609,0,18.99,370,7026.299999999999
0_161,0,8.99,36,323.64
0_1610,0,21.05,2,42.1
0_1611,0,11.99,360,4316.4
0_1612,0,13.54,349,4725.46
0_1613,0,8.99,341,3065.59
0_1614,0,4.03,337,1358.1100000000001
0_1615,0,1.99,4,7.96
0_1616,0,13.5,356,4806.0
0_1617,0,11.99,338,4052.62
0_1618,0,3.95,334,1319.3
0_1619,0,4.99,361,1801.39
0_162,0,9.82,33,324.06
0_1620,0,0.8,0,0.0
0_1621,0,17.99,381,6854.19
0_1622,0,8.35,341,2847.35
0_1623,0,7.99,351,2804.4900000000002
0_1624,0,24.5,0,0.0
0_1625,0,5.99,342,2048.58
0_1626,0,14.02,392,5495.84
0_1627,0,3.99,354,1412.46
0_1628,0,9.99,358,3576.42
0_1629,0,40.99,4,163.96
0_163,0,7.99,40,319.6
0_1630,0,12.48,383,4779.84
0_1631,0,10.99,358,3934.42
0_1632,0,9.21,372,3426.1200000000003
0_1633,0,24.99,1,24.99
0_1634,0,5.8,347,2012.6
0_1635,0,16.99,384,6524.16
0_1636,0,9.45,389,3676.0499999999997
0_1637,0,4.99,372,1856.28
0_1638,0,5.46,395,2156.7
0_1639,0,6.99,419,2928.81
0_164,0,15.57,30,467.1
0_1640,0,10.71,349,3737.7900000000004
0_1641,0,14.99,378,5666.22
0_1642,0,14.78,131,1936.1799999999998
0_1643,0,16.99,134,2276.66
0_1644,0,4.77,149,710.7299999999999
0_1645,0,2.99,0,0.0
0_1646,0,14.85,134,1989.8999999999999
0_1647,0,11.99,44,527.5600000000001
0_1648,0,2.77,5,13.85
0_1649,0,27.99,2,55.98
0_165,0,13.99,20,279.8
0_1650,0,20.18,2,40.36
0_1651,0,0.99,3,2.9699999999999998
0_1652,0,10.7,68,727.5999999999999
0_1653,0,0.99,1,0.99
0_1654,0,14.13,53,748.89
0_1655,0,2.99,4,11.96
0_1656,0,23.26,3,69.78
0_1657,0,14.99,61,914.39
0_1658,0,5.01,58,290.58
0_1659,0,9.99,66,659.34
0_166,0,1.83,7,12.81
0_1660,0,4.68,49,229.32
0_1661,0,5.99,49,293.51
0_1662,0,4.35,54,234.89999999999998
0_1663,0,5.99,66,395.34000000000003
0_1664,0,25.72,3,77.16
0_1665,0,15.99,58,927.42
0_1666,0,8.78,61,535.5799999999999
0_1667,0,7.99,51,407.49
0_1668,0,14.62,55,804.0999999999999
0_1669,0,6.99,59,412.41
0_167,0,25.99,6,155.94
0_1670,0,23.59,3,70.77
0_1671,0,3.99,53,211.47
0_1672,0,18.25,51,930.75
0_1673,0,6.99,55,384.45
0_1674,0,22.63,2,45.26
0_1675,0,23.99,2,47.98
0_1676,0,10.96,55,602.8000000000001
0_1677,0,10.99,52,571.48
0_1678,0,13.83,57,788.3100000000001
0_1679,0,6.99,47,328.53000000000003
0_168,0,9.28,30,278.4
0_1680,0,18.0,61,1098.0
0_1681,0,13.99,64,895.36
0_1682,0,4.22,54,227.88
0_1683,0,2.99,1,2.99
0_1684,0,17.81,62,1104.22
0_1685,0,9.99,53,529.47
0_1686,0,17.64,52,917.28
0_1687,0,18.99,53,1006.4699999999999
0_1688,0,7.26,45,326.7
0_1689,0,2.99,4,11.96
0_169,0,18.99,36,683.64
0_1690,0,13.18,47,619.46
0_1691,0,14.99,56,839.44
0_1692,0,13.36,51,681.36
0_1693,0,8.99,58,521.42
0_1694,0,7.65,63,481.95000000000005
0_1695,0,2.99,5,14.950000000000001
0_1696,0,8.46,39,329.94000000000005
0_1697,0,13.99,52,727.48
0_1698,0,14.24,43,612.32
0_1699,0,17.99,42,755.5799999999999
0_17,0,6.99,10,69.9
0_170,0,9.92,39,386.88
0_1700,0,18.49,54,998.4599999999999
0_1701,0,5.99,52,311.48
0_1702,0,13.13,57,748.4100000000001
0_1703,0,21.99,5,109.94999999999999
0_1704,0,11.61,66,766.26
0_1705,0,22.99,6,137.94
0_1706,0,3.19,47,149.93
0_1707,0,16.99,57,968.43
0_1708,0,26.44,6,158.64000000000001
0_1709,0,5.99,51,305.49
0_171,0,18.99,43,816.5699999999999
0_1710,0,4.53,51,231.03
0_1711,0,2.99,3,8.97
0_1712,0,7.24,48,347.52
0_1713,0,13.99,48,671.52
0_1714,0,16.74,51,853.7399999999999
0_1715,0,2.99,2,5.98
0_1716,0,2.19,3,6.57
0_1717,0,13.99,49,685.51
0_1718,0,9.67,47,454.49
0_1719,0,5.99,50,299.5
0_172,0,8.33,36,299.88
0_1720,0,8.65,53,458.45000000000005
0_1721,0,28.99,7,202.92999999999998
0_1722,0,3.78,57,215.45999999999998
0_1723,0,8.99,60,539.4
0_1724,0,2.82,5,14.1
0_1725,0,14.99,64,959.36
0_1726,0,1.57,2,3.14
0_1727,0,10.99,70,769.3000000000001
0_1728,0,2.27,1,2.27
0_1729,0,14.99,61,914.39
0_173,0,2.99,4,11.96
0_1730,0,5.03,65,326.95
0_1731,0,14.99,55,824.45
0_1732,0,24.95,3,74.85
0_1733,0,1.99,5,9.95
0_1734,0,15.33,66,1011.78
0_1735,0,26.99,2,53.98
0_1736,0,3.83,61,233.63
0_1737,0,26.99,2,53.98
0_1738,0,7.69,66,507.54
0_1739,0,22.99,3,68.97
0_174,0,5.25,35,183.75
0_1740,0,21.75,6,130.5
0_1741,0,17.99,62,1115.3799999999999
0_1742,0,10.12,79,799.4799999999999
0_1743,0,5.99,67,401.33000000000004
0_1744,0,11.92,69,822.48
0_1745,0,4.99,78,389.22
0_1746,0,9.02,65,586.3
0_1747,0,3.99,61,243.39000000000001
0_1748,0,16.8,66,1108.8
0_1749,0,34.99,6,209.94
0_175,0,15.99,29,463.71
0_1750,0,7.42,64,474.88
0_1751,0,25.99,3,77.97
0_1752,0,5.99,57,341.43
0_1753,0,10.99,61,670.39
0_1754,0,15.2,60,912.0
0_1755,0,8.99,67,602.33
0_1756,0,14.67,67,982.89
0_1757,0,1.99,3,5.97
0_1758,0,12.64,71,897.44
0_1759,0,0.99,3,2.9699999999999998
0_176,0,12.6,40,504.0
0_1760,0,9.09,65,590.85
0_1761,0,7.99,69,551.3100000000001
0_1762,0,16.82,60,1009.2
0_1763,0,27.99,2,55.98
0_1764,0,1.99,6,11.94
0_1765,0,20.99,2,41.98
0_1766,0,4.55,58,263.9
0_1767,0,12.99,89,1156.1100000000001
0_1768,0,8.92,70,624.4
0_1769,0,6.99,61,426.39
0_177,0,19.99,31,619.6899999999999
0_1770,0,20.7,4,82.8
0_1771,0,0.99,5,4.95
0_1772,0,18.48,61,1127.28
0_1773,0,10.99,85,934.15
0_1774,0,11.54,50,577.0
0_1775,0,6.99,60,419.40000000000003
0_1776,0,21.16,2,42.32
0_1777,0,18.99,78,1481.2199999999998
0_1778,0,28.46,2,56.92
0_1779,0,17.99,62,1115.3799999999999
0_178,0,28.36,3,85.08
0_1780,0,1.67,0,0.0
0_1781,0,5.99,61,365.39
0_1782,0,11.13,55,612.1500000000001
0_1783,0,25.99,5,129.95
0_1784,0,19.84,63,1249.92
0_1785,0,8.99,52,467.48
0_1786,0,19.2,75,1440.0
0_1787,0,4.99,66,329.34000000000003
0_1788,0,8.34,65,542.1
0_1789,0,4.99,62,309.38
0_179,0,22.99,6,137.94
0_1790,0,15.11,61,921.7099999999999
0_1791,0,11.99,69,827.3100000000001
0_1792,0,8.79,63,553.77
0_1793,0,3.99,65,259.35
0_1794,0,31.83,2,63.66
0_1795,0,17.99,64,1151.36
0_1796,0,4.51,55,248.04999999999998
0_1797,0,15.99,60,959.4
0_1798,0,17.34,63,1092.42
0_1799,0,9.99,65,649.35
0_18,0,25.49,7,178.42999999999998
0_180,0,0.97,5,4.85
0_1800,0,22.05,0,0.0
0_1801,0,3.99,53,211.47
0_1802,0,28.97,3,86.91
0_1803,0,2.99,1,2.99
0_1804,0,16.95,78,1322.1
0_1805,0,1.99,5,9.95
0_1806,0,1.61,3,4.83
0_1807,0,14.99,60,899.4
0_1808,0,7.75,56,434.0
0_1809,0,13.99,68,951.32
0_181,0,5.99,40,239.60000000000002
0_1810,0,5.96,60,357.6
0_1811,0,4.99,64,319.36
0_1812,0,7.51,76,570.76
0_1813,0,25.99,6,155.94
0_1814,0,20.45,5,102.25
0_1815,0,8.99,63,566.37
0_1816,0,7.33,67,491.11
0_1817,0,20.99,4,83.96
0_1818,0,8.99,60,539.4
0_1819,0,23.99,3,71.97
0_182,0,11.04,31,342.23999999999995
0_1820,0,22.3,3,66.9
0_1821,0,13.99,67,937.33
0_1822,0,14.92,49,731.08
0_1823,0,3.99,59,235.41000000000003
0_1824,0,10.34,36,372.24
0_1825,0,3.99,37,147.63
0_1826,0,13.48,35,471.8
0_1827,0,8.99,45,404.55
0_1828,0,6.95,36,250.20000000000002
0_1829,0,4.99,44,219.56
0_183,0,2.99,8,23.92
0_1830,0,19.43,46,893.78
0_1831,0,6.99,38,265.62
0_1832,0,7.41,39,288.99
0_1833,0,5.99,45,269.55
0_1834,0,15.14,43,651.02
0_1835,0,8.99,50,449.5
0_1836,0,6.56,34,223.04
0_1837,0,10.99,54,593.46
0_1838,0,6.75,42,283.5
0_1839,0,10.99,46,505.54
0_184,0,23.16,5,115.8
0_1840,0,1.28,1,1.28
0_1841,0,17.99,42,755.5799999999999
0_1842,0,20.26,1,20.26
0_1843,0,5.99,38,227.62
0_1844,0,0.77,3,2.31
0_1845,0,6.99,40,279.6
0_1846,0,3.51,47,164.97
0_1847,0,8.99,39,350.61
0_1848,0,23.11,3,69.33
0_1849,0,12.99,53,688.47
0_185,0,11.99,28,335.72
0_1850,0,13.95,42,585.9
0_1851,0,13.99,41,573.59
0_1852,0,7.67,46,352.82
0_1853,0,11.99,30,359.7
0_1854,0,3.15,36,113.39999999999999
0_1855,0,1.99,2,3.98
0_1856,0,9.57,34,325.38
0_1857,0,12.99,33,428.67
0_1858,0,1.83,1,1.83
0_1859,0,4.99,45,224.55
0_186,0,2.0,5,10.0
0_1860,0,4.89,42,205.38
0_1861,0,10.99,32,351.68
0_1862,0,12.13,37,448.81
0_1863,0,10.99,32,351.68
0_1864,0,22.76,3,68.28
0_1865,0,15.99,31,495.69
0_1866,0,4.84,40,193.6
0_1867,0,23.99,3,71.97
0_1868,0,5.27,26,137.01999999999998
0_1869,0,19.99,37,739.63
0_187,0,1.99,9,17.91
0_1870,0,9.06,40,362.40000000000003
0_1871,0,1.99,2,3.98
0_1872,0,9.42,31,292.02
0_1873,0,10.99,40,439.6
0_1874,0,3.09,43,132.87
0_1875,0,4.99,37,184.63
0_1876,0,12.85,36,462.59999999999997
0_1877,0,9.99,40,399.6
0_1878,0,2.27,3,6.8100000000000005
0_1879,0,3.99,44,175.56
0_188,0,6.6,27,178.2
0_1880,0,14.91,37,551.67
0_1881,0,7.99,37,295.63
0_1882,0,15.95,45,717.75
0_1883,0,6.99,41,286.59000000000003
0_1884,0,5.38,31,166.78
0_1885,0,6.99,42,293.58
0_1886,0,20.56,6,123.35999999999999
0_1887,0,5.99,48,287.52
0_1888,0,9.78,33,322.73999999999995
0_1889,0,4.99,28,139.72
0_189,0,12.99,29,376.71
0_1890,0,5.17,41,211.97
0_1891,0,5.99,37,221.63
0_1892,0,12.56,49,615.44
0_1893,0,18.99,52,987.4799999999999
0_1894,0,8.77,49,429.72999999999996
0_1895,0,3.99,43,171.57000000000002
0_1896,0,10.45,52,543.4
0_1897,0,20.99,2,41.98
0_1898,0,2.45,3,7.3500000000000005
0_1899,0,21.99,4,87.96
0_19,0,4.99,11,54.89
0_190,0,8.01,18,144.18
0_1900,0,25.32,2,50.64
0_1901,0,10.99,48,527.52
0_1902,0,2.28,2,4.56
0_1903,0,5.99,49,293.51
0_1904,0,15.51,49,759.99
0_1905,0,7.99,49,391.51
0_1906,0,28.57,5,142.85
0_1907,0,9.99,42,419.58
0_1908,0,15.21,59,897.3900000000001
0_1909,0,2.99,2,5.98
0_191,0,8.99,22,197.78
0_1910,0,10.85,47,509.95
0_1911,0,12.99,62,805.38
0_1912,0,1.89,1,1.89
0_1913,0,3.99,58,231.42000000000002
0_1914,0,21.44,4,85.76
0_1915,0,16.99,42,713.5799999999999
0_1916,0,4.05,74,299.7
0_1917,0,1.99,3,5.97
0_1918,0,29.04,6,174.24
0_1919,0,6.99,60,419.40000000000003
0_192,0,8.61,28,241.07999999999998
0_1920,0,25.16,2,50.32
0_1921,0,7.99,40,319.6
0_1922,0,3.94,48,189.12
0_1923,0,3.99,46,183.54000000000002
0_1924,0,12.36,42,519.12
0_1925,0,25.99,4,103.96
0_1926,0,10.99,53,582.47
0_1927,0,16.99,51,866.4899999999999
0_1928,0,9.96,50,498.00000000000006
0_1929,0,6.99,51,356.49
0_193,0,3.99,21,83.79
0_1930,0,5.97,52,310.44
0_1931,0,4.99,60,299.40000000000003
0_1932,0,3.27,60,196.2
0_1933,0,15.99,52,831.48
0_1934,0,6.35,49,311.15
0_1935,0,0.99,3,2.9699999999999998
0_1936,0,28.82,2,57.64
0_1937,0,11.99,51,611.49
0_1938,0,1.58,8,12.64
0_1939,0,17.99,41,737.5899999999999
0_194,0,10.56,34,359.04
0_1940,0,18.31,58,1061.98
0_1941,0,13.99,44,615.5600000000001
0_1942,0,15.36,48,737.28
0_1943,0,13.99,50,699.5
0_1944,0,13.57,39,529.23
0_1945,0,6.99,49,342.51
0_1946,0,5.07,44,223.08
0_1947,0,12.99,43,558.57
0_1948,0,4.38,40,175.2
0_1949,0,3.99,46,183.54000000000002
0_195,0,15.99,35,559.65
0_1950,0,2.5,5,12.5
0_1951,0,5.99,46,275.54
0_1952,0,3.95,56,221.20000000000002
0_1953,0,8.99,38,341.62
0_1954,0,8.15,51,415.65000000000003
0_1955,0,10.99,32,351.68
0_1956,0,13.05,43,561.15
0_1957,0,17.99,50,899.4999999999999
0_1958,0,11.1,45,499.5
0_1959,0,3.99,39,155.61
0_196,0,11.52,27,311.03999999999996
0_1960,0,2.16,6,12.96
0_1961,0,3.99,40,159.60000000000002
0_1962,0,6.08,41,249.28
0_1963,0,9.99,41,409.59000000000003
0_1964,0,8.19,43,352.16999999999996
0_1965,0,4.99,60,299.40000000000003
0_1966,0,8.06,47,378.82000000000005
0_1967,0,12.99,39,506.61
0_1968,0,4.35,44,191.39999999999998
0_1969,0,19.99,35,699.65
0_197,0,37.99,5,189.95000000000002
0_1970,0,27.42,4,109.68
0_1971,0,16.99,38,645.6199999999999
0_1972,0,12.89,47,605.83
0_1973,0,3.99,55,219.45000000000002
0_1974,0,4.74,69,327.06
0_1975,0,7.99,70,559.3000000000001
0_1976,0,13.4,71,951.4
0_1977,0,5.99,94,563.0600000000001
0_1978,0,23.81,3,71.42999999999999
0_1979,0,20.99,4,83.96
0_198,0,19.08,23,438.84
0_1980,0,3.15,95,299.25
0_1981,0,5.99,95,569.0500000000001
0_1982,0,8.99,95,854.0500000000001
0_1983,0,4.99,95,474.05
0_1984,0,5.7,117,666.9
0_1985,0,5.99,106,634.94
0_1986,0,25.89,6,155.34
0_1987,0,6.99,112,782.88
0_1988,0,9.86,98,966.28
0_1989,0,3.99,96,383.04
0_199,0,8.99,31,278.69
0_1990,0,22.11,7,154.76999999999998
0_1991,0,23.99,3,71.97
0_1992,0,14.42,105,1514.1
0_1993,0,21.99,2,43.98
0_1994,0,4.98,109,542.82
0_1995,0,27.99,8,223.92
0_1996,0,19.48,91,1772.68
0_1997,0,3.99,123,490.77000000000004
0_1998,0,24.2,7,169.4
0_1999,0,12.99,120,1558.8
0_2,0,16.4,9,147.6
0_20,0,13.53,10,135.29999999999998
0_200,0,18.28,29,530.12
0_2000,0,4.84,124,600.16
0_2001,0,7.99,122,974.78
0_2002,0,19.16,126,2414.16
0_2003,0,6.99,113,789.87
0_2004,0,10.38,99,1027.6200000000001
0_2005,0,7.99,100,799.0
0_2006,0,13.11,121,1586.31
0_2007,0,9.99,116,1158.84
0_2008,0,15.97,107,1708.79
0_2009,0,3.99,113,450.87
0_201,0,3.99,33,131.67000000000002
0_2010,0,29.6,2,59.2
0_2011,0,16.99,107,1817.9299999999998
0_2012,0,3.69,113,416.96999999999997
0_2013,0,9.99,120,1198.8
0_2014,0,21.23,7,148.61
0_2015,0,2.99,5,14.950000000000001
0_2016,0,2.26,3,6.779999999999999
0_2017,0,28.99,4,115.96
0_2018,0,4.69,127,595.63
0_2019,0,7.99,112,894.88
0_202,0,0.62,7,4.34
0_2020,0,10.01,109,1091.09
0_2021,0,12.99,108,1402.92
0_2022,0,7.73,92,711.1600000000001
0_2023,0,14.99,92,1379.08
0_2024,0,15.56,100,1556.0
0_2025,0,8.99,87,782.13
0_2026,0,5.56,106,589.36
0_2027,0,21.99,3,65.97
0_2028,0,13.37,98,1310.26
0_2029,0,3.99,107,426.93
0_203,0,5.99,29,173.71
0_2030,0,13.4,104,1393.6000000000001
0_2031,0,22.99,7,160.92999999999998
0_2032,0,23.32,10,233.2
0_2033,0,14.99,99,1484.01
0_2034,0,9.64,101,973.6400000000001
0_2035,0,17.99,95,1709.05
0_2036,0,20.49,4,81.96
0_2037,0,14.99,94,1409.06
0_2038,0,4.39,110,482.9
0_2039,0,6.99,100,699.0
0_204,0,2.36,5,11.799999999999999
0_2040,0,20.65,4,82.6
0_2041,0,15.99,107,1710.93
0_2042,0,6.59,111,731.49
0_2043,0,13.99,97,1357.03
0_2044,0,5.28,118,623.0400000000001
0_2045,0,10.99,112,1230.88
0_2046,0,32.34,5,161.70000000000002
0_2047,0,5.99,108,646.9200000000001
0_2048,0,11.84,117,1385.28
0_2049,0,5.99,118,706.82
0_205,0,4.99,18,89.82000000000001
0_2050,0,3.4,88,299.2
0_2051,0,22.99,9,206.91
0_2052,0,8.87,108,957.9599999999999
0_2053,0,14.99,124,1858.76
0_2054,0,10.58,114,1206.1200000000001
0_2055,0,20.99,10,209.89999999999998
0_2056,0,5.13,95,487.34999999999997
0_2057,0,8.99,122,1096.78
0_2058,0,5.52,129,712.0799999999999
0_2059,0,12.99,107,1389.93
0_206,0,5.43,19,103.16999999999999
0_2060,0,5.48,135,739.8000000000001
0_2061,0,9.99,125,1248.75
0_2062,0,16.01,119,1905.1900000000003
0_2063,0,7.99,135,1078.65
0_2064,0,9.85,133,1310.05
0_2065,0,7.99,113,902.87
0_2066,0,14.7,128,1881.6
0_2067,0,1.99,5,9.95
0_2068,0,18.57,120,2228.4
0_2069,0,17.99,145,2608.5499999999997
0_207,0,11.99,14,167.86
0_2070,0,2.41,10,24.1
0_2071,0,21.99,12,263.88
0_2072,0,4.62,138,637.5600000000001
0_2073,0,2.99,10,29.900000000000002
0_2074,0,8.88,142,1260.96
0_2075,0,8.99,137,1231.63
0_2076,0,11.39,147,1674.3300000000002
0_2077,0,3.99,119,474.81
0_2078,0,14.6,133,1941.8
0_2079,0,9.99,119,1188.81
0_208,0,14.36,17,244.12
0_2080,0,12.76,129,1646.04
0_2081,0,24.99,2,49.98
0_2082,0,24.33,4,97.32
0_2083,0,6.99,121,845.7900000000001
0_2084,0,10.8,116,1252.8000000000002
0_2085,0,11.99,150,1798.5
0_2086,0,3.61,116,418.76
0_2087,0,26.99,7,188.92999999999998
0_2088,0,30.0,5,150.0
0_2089,0,12.99,112,1454.88
0_209,0,6.99,21,146.79
0_2090,0,11.46,120,1375.2
0_2091,0,2.99,5,14.950000000000001
0_2092,0,14.17,131,1856.27
0_2093,0,9.99,106,1058.94
0_2094,0,29.02,4,116.08
0_2095,0,12.99,145,1883.55
0_2096,0,14.84,135,2003.4
0_2097,0,1.99,2,3.98
0_2098,0,14.37,102,1465.74
0_2099,0,7.99,139,1110.6100000000001
0_21,0,4.99,5,24.950000000000003
0_210,0,1.87,5,9.350000000000001
0_2100,0,6.66,145,965.7
0_2101,0,20.99,9,188.91
0_2102,0,7.06,109,769.54
0_2103,0,8.99,113,1015.87
0_2104,0,7.98,106,845.88
0_2105,0,5.99,120,718.8000000000001
0_2106,0,13.94,115,1603.1
0_2107,0,5.99,100,599.0
0_2108,0,8.82,116,1023.12
0_2109,0,12.99,102,1324.98
0_211,0,12.99,12,155.88
0_2110,0,7.04,106,746.24
0_2111,0,12.99,120,1558.8
0_2112,0,22.08,13,287.03999999999996
0_2113,0,12.99,106,1376.94
0_2114,0,6.06,99,599.9399999999999
0_2115,0,4.99,95,474.05
0_2116,0,13.14,114,1497.96
0_2117,0,6.99,107,747.9300000000001
0_2118,0,7.23,123,889.2900000000001
0_2119,0,9.99,124,1238.76
0_212,0,13.82,20,276.4
0_2120,0,26.97,6,161.82
0_2121,0,24.99,10,249.89999999999998
0_2122,0,17.76,113,2006.88
0_2123,0,9.99,116,1158.84
0_2124,0,10.29,124,1275.9599999999998
0_2125,0,1.99,4,7.96
0_2126,0,17.36,106,1840.1599999999999
0_2127,0,12.99,124,1610.76
0_2128,0,3.64,137,498.68
0_2129,0,5.99,134,802.6600000000001
0_213,0,14.99,13,194.87
0_2130,0,18.24,84,1532.1599999999999
0_2131,0,8.99,133,1195.67
0_2132,0,4.07,123,500.61
0_2133,0,3.99,106,422.94
0_2134,0,5.57,94,523.58
0_2135,0,4.99,102,508.98
0_2136,0,16.42,89,1461.38
0_2137,0,15.99,84,1343.16
0_2138,0,0.93,4,3.72
0_2139,0,4.99,58,289.42
0_214,0,11.72,19,222.68
0_2140,0,12.47,63,785.61
0_2141,0,11.99,72,863.28
0_2142,0,2.65,6,15.899999999999999
0_2143,0,24.99,9,224.91
0_2144,0,1.25,9,11.25
0_2145,0,10.99,79,868.21
0_2146,0,11.14,66,735.24
0_2147,0,39.99,7,279.93
0_2148,0,7.32,82,600.24
0_2149,0,2.99,2,5.98
0_215,0,5.99,13,77.87
0_2150,0,9.8,74,725.2
0_2151,0,16.99,75,1274.2499999999998
0_2152,0,16.69,79,1318.51
0_2153,0,21.99,8,175.92
0_2154,0,8.15,90,733.5
0_2155,0,21.99,9,197.91
0_2156,0,4.63,95,439.84999999999997
0_2157,0,34.99,6,209.94
0_2158,0,11.25,60,675.0
0_2159,0,22.99,6,137.94
0_216,0,23.19,3,69.57000000000001
0_2160,0,22.2,5,111.0
0_2161,0,10.99,73,802.27
0_2162,0,3.03,81,245.42999999999998
0_2163,0,4.99,66,329.34000000000003
0_2164,0,4.29,78,334.62
0_2165,0,15.99,96,1535.04
0_2166,0,0.97,8,7.76
0_2167,0,15.99,80,1279.2
0_2168,0,11.17,71,793.07
0_2169,0,0.99,8,7.92
0_217,0,1.99,4,7.96
0_2170,0,24.04,7,168.28
0_2171,0,4.99,91,454.09000000000003
0_2172,0,3.88,80,310.4
0_2173,0,9.99,77,769.23
0_2174,0,4.0,75,300.0
0_2175,0,18.99,80,1519.1999999999998
0_2176,0,13.05,92,1200.6000000000001
0_2177,0,34.99,3,104.97
0_2178,0,9.22,82,756.0400000000001
0_2179,0,7.99,76,607.24
0_218,0,15.27,24,366.48
0_2180,0,16.28,75,1221.0
0_2181,0,27.99,7,195.92999999999998
0_2182,0,16.09,65,1045.85
0_2183,0,8.99,76,683.24
0_2184,0,10.36,68,704.48
0_2185,0,9.99,55,549.45
0_2186,0,4.2,63,264.6
0_2187,0,7.99,70,559.3000000000001
0_2188,0,14.65,85,1245.25
0_2189,0,2.99,10,29.900000000000002
0_219,0,13.99,16,223.84
0_2190,0,8.22,82,674.0400000000001
0_2191,0,6.99,70,489.3
0_2192,0,16.87,87,1467.69
0_2193,0,23.99,3,71.97
0_2194,0,6.57,70,459.90000000000003
0_2195,0,26.99,2,53.98
0_2196,0,12.34,62,765.08
0_2197,0,2.99,4,11.96
0_2198,0,12.14,64,776.96
0_2199,0,12.99,69,896.3100000000001
0_22,0,23.2,8,185.6
0_220,0,3.72,14,52.080000000000005
0_2200,0,20.47,5,102.35
0_2201,0,20.99,1,20.99
0_2202,0,8.12,71,576.52
0_2203,0,3.99,67,267.33000000000004
0_2204,0,1.62,8,12.96
0_2205,0,15.99,57,911.4300000000001
0_2206,0,6.14,58,356.12
0_2207,0,7.99,71,567.29
0_2208,0,10.95,75,821.25
0_2209,0,8.99,83,746.1700000000001
0_221,0,13.99,14,195.86
0_2210,0,15.1,76,1147.6
0_2211,0,9.99,85,849.15
0_2212,0,6.75,72,486.0
0_2213,0,10.99,75,824.25
0_2214,0,2.08,6,12.48
0_2215,0,3.99,75,299.25
0_2216,0,4.56,68,310.08
0_2217,0,24.99,8,199.92
0_2218,0,3.27,75,245.25
0_2219,0,14.99,78,1169.22
0_222,0,19.65,12,235.79999999999998
0_2220,0,2.41,4,9.64
0_2221,0,4.99,79,394.21000000000004
0_2222,0,3.33,89,296.37
0_2223,0,4.99,75,374.25
0_2224,0,17.19,69,1186.1100000000001
0_2225,0,2.99,4,11.96
0_2226,0,21.89,5,109.45
0_2227,0,4.99,89,444.11
0_2228,0,13.06,88,1149.28
0_2229,0,4.99,88,439.12
0_223,0,5.99,14,83.86
0_2230,0,15.02,80,1201.6
0_2231,0,13.99,87,1217.13
0_2232,0,8.94,91,813.54
0_2233,0,19.99,103,2058.97
0_2234,0,10.67,97,1034.99
0_2235,0,13.99,130,1818.7
0_2236,0,16.17,95,1536.15
0_2237,0,2.99,2,5.98
0_2238,0,19.23,95,1826.8500000000001
0_2239,0,5.99,95,569.0500000000001
0_224,0,12.51,16,200.16
0_2240,0,3.67,81,297.27
0_2241,0,10.99,91,1000.09
0_2242,0,31.79,4,127.16
0_2243,0,8.99,90,809.1
0_2244,0,8.37,102,853.7399999999999
0_2245,0,9.99,103,1028.97
0_2246,0,6.3,103,648.9
0_2247,0,2.99,7,20.93
0_2248,0,19.58,93,1820.9399999999998
0_2249,0,2.99,2,5.98
0_225,0,16.99,13,220.86999999999998
0_2250,0,20.77,5,103.85
0_2251,0,14.99,90,1349.1
0_2252,0,23.92,9,215.28000000000003
0_2253,0,22.99,4,91.96
0_2254,0,9.2,76,699.1999999999999
0_2255,0,13.99,93,1301.07
0_2256,0,7.2,102,734.4
0_2257,0,22.99,2,45.98
0_2258,0,5.8,107,620.6
0_2259,0,7.99,95,759.0500000000001
0_226,0,1.49,4,5.96
0_2260,0,1.84,6,11.040000000000001
0_2261,0,6.99,83,580.1700000000001
0_2262,0,21.13,7,147.91
0_2263,0,32.99,3,98.97
0_2264,0,9.93,102,1012.86
0_2265,0,2.99,4,11.96
0_2266,0,7.7,112,862.4
0_2267,0,18.99,94,1785.06
0_2268,0,17.57,59,1036.63
0_2269,0,6.99,88,615.12
0_227,0,15.99,14,223.86
0_2270,0,16.58,77,1276.6599999999999
0_2271,0,13.99,77,1077.23
0_2272,0,7.98,90,718.2
0_2273,0,24.99,6,149.94
0_2274,0,5.91,81,478.71000000000004
0_2275,0,0.99,7,6.93
0_2276,0,18.95,89,1686.55
0_2277,0,10.99,95,1044.05
0_2278,0,26.01,8,208.08
0_2279,0,9.99,81,809.19
0_228,0,7.62,19,144.78
0_2280,0,20.42,7,142.94
0_2281,0,14.99,93,1394.07
0_2282,0,13.71,87,1192.77
0_2283,0,8.99,70,629.3000000000001
0_2284,0,5.69,80,455.20000000000005
0_2285,0,16.99,83,1410.1699999999998
0_2286,0,6.1,78,475.79999999999995
0_2287,0,2.99,4,11.96
0_2288,0,2.06,10,20.6
0_2289,0,17.99,78,1403.2199999999998
0_229,0,17.99,16,287.84
0_2290,0,8.8,83,730.4000000000001
0_2291,0,12.99,93,1208.07
0_2292,0,9.87,80,789.5999999999999
0_2293,0,4.99,96,479.04
0_2294,0,20.58,5,102.89999999999999
0_2295,0,1.99,1,1.99
0_2296,0,16.95,72,1220.3999999999999
0_2297,0,28.99,6,173.94
0_2298,0,19.47,70,1362.8999999999999
0_2299,0,3.99,95,379.05
0_23,0,10.99,10,109.9
0_230,0,5.63,16,90.08
0_2300,0,17.99,100,1798.9999999999998
0_2301,0,4.99,102,508.98
0_2302,0,24.19,4,96.76
0_2303,0,11.99,96,1151.04
0_2304,0,15.86,81,1284.6599999999999
0_2305,0,3.99,94,375.06
0_2306,0,23.32,5,116.6
0_2307,0,6.99,89,622.11
0_2308,0,20.28,0,0.0
0_231,0,14.99,10,149.9
0_232,0,1.23,6,7.38
0_233,0,10.99,10,109.9
0_234,0,25.43,3,76.28999999999999
0_235,0,9.99,12,119.88
0_236,0,4.65,13,60.45
0_237,0,11.99,15,179.85
0_238,0,1.67,8,13.36
0_239,0,8.99,15,134.85
0_24,0,5.35,12,64.19999999999999
0_240,0,6.03,19,114.57000000000001
0_241,0,8.99,13,116.87
0_242,0,32.52,6,195.12
0_243,0,14.99,11,164.89000000000001
0_244,0,6.71,15,100.65
0_245,0,11.99,20,239.8
0_246,0,3.97,14,55.580000000000005
0_247,0,27.99,4,111.96
0_248,0,7.91,12,94.92
0_249,0,15.99,14,223.86
0_25,0,2.99,4,11.96
0_250,0,7.08,19,134.52
0_251,0,6.99,17,118.83
0_252,0,20.54,6,123.24
0_253,0,17.99,20,359.79999999999995
0_254,0,9.55,17,162.35000000000002
0_255,0,16.99,25,424.74999999999994
0_256,0,27.81,7,194.67
0_257,0,15.99,20,319.8
0_258,0,7.67,16,122.72
0_259,0,1.99,6,11.94
0_26,0,6.86,12,82.32000000000001
0_260,0,1.73,6,10.379999999999999
0_261,0,7.99,27,215.73000000000002
0_262,0,11.64,20,232.8
0_263,0,4.99,21,104.79
0_264,0,6.44,21,135.24
0_265,0,16.99,30,509.69999999999993
0_266,0,18.96,24,455.04
0_267,0,6.99,22,153.78
0_268,0,6.83,29,198.07
0_269,0,4.99,12,59.88
0_27,0,21.99,4,87.96
0_270,0,2.29,8,18.32
0_271,0,10.99,22,241.78
0_272,0,5.6,15,84.0
0_273,0,4.99,21,104.79
0_274,0,11.87,15,178.04999999999998
0_275,0,18.99,23,436.77
0_276,0,1.81,8,14.48
0_277,0,29.99,7,209.92999999999998
0_278,0,22.61,5,113.05
0_279,0,16.99,17,288.83
0_28,0,27.76,8,222.08
0_280,0,4.09,19,77.71
0_281,0,21.99,3,65.97
0_282,0,1.57,8,12.56
0_283,0,1.99,9,17.91
0_284,0,14.9,22,327.8
0_285,0,13.99,16,223.84
0_286,0,3.75,11,41.25
0_287,0,9.99,10,99.9
0_288,0,19.04,13,247.51999999999998
0_289,0,36.99,3,110.97
0_29,0,13.99,17,237.83
0_290,0,18.93,17,321.81
0_291,0,16.99,33,560.67
0_292,0,31.3,4,125.2
0_293,0,30.99,5,154.95
0_294,0,13.83,22,304.26
0_295,0,15.99,16,255.84
0_296,0,8.35,22,183.7
0_297,0,14.99,15,224.85
0_298,0,2.74,3,8.22
0_299,0,22.99,0,0.0
0_3,0,28.99,5,144.95
0_30,0,16.24,15,243.59999999999997
0_300,0,6.19,22,136.18
0_301,0,8.99,24,215.76
0_302,0,12.57,17,213.69
0_303,0,8.99,16,143.84
0_304,0,17.72,20,354.4
0_305,0,8.99,21,188.79
0_306,0,15.55,18,279.90000000000003
0_307,0,8.99,24,215.76
0_308,0,18.25,27,492.75
0_309,0,3.99,19,75.81
0_31,0,13.99,8,111.92
0_310,0,1.94,0,0.0
0_311,0,6.99,16,111.84
0_312,0,11.39,29,330.31
0_313,0,6.99,18,125.82000000000001
0_314,0,16.67,21,350.07000000000005
0_315,0,7.99,17,135.83
0_316,0,13.77,18,247.85999999999999
0_317,0,16.99,21,356.78999999999996
0_318,0,6.01,25,150.25
0_319,0,19.99,19,379.80999999999995
0_32,0,2.14,4,8.56
0_320,0,15.09,23,347.07
0_321,0,13.99,18,251.82
0_322,0,2.99,0,0.0
0_323,0,4.99,15,74.85000000000001
0_324,0,1.18,3,3.54
0_325,0,15.99,21,335.79
0_326,0,16.21,27,437.67
0_327,0,14.99,13,194.87
0_328,0,20.06,4,80.24
0_329,0,4.99,14,69.86
0_33,0,18.99,15,284.84999999999997
0_330,0,4.36,18,78.48
0_331,0,19.99,13,259.87
0_332,0,4.08,20,81.6
0_333,0,3.99,22,87.78
0_334,0,2.27,4,9.08
0_335,0,14.99,15,224.85
0_336,0,3.23,14,45.22
0_337,0,22.99,5,114.94999999999999
0_338,0,6.98,20,139.60000000000002
0_339,0,3.99,13,51.870000000000005
0_34,0,6.91,11,76.01
0_340,0,6.43,28,180.04
0_341,0,3.99,15,59.85
0_342,0,15.51,20,310.2
0_343,0,10.99,18,197.82
0_344,0,16.04,21,336.84
0_345,0,3.99,25,99.75
0_346,0,6.1,26,158.6
0_347,0,17.99,19,341.80999999999995
0_348,0,10.73,17,182.41
0_349,0,2.99,2,5.98
0_35,0,13.99,15,209.85
0_350,0,6.5,16,104.0
0_351,0,4.99,22,109.78
0_352,0,12.53,23,288.19
0_353,0,12.99,17,220.83
0_354,0,5.71,18,102.78
0_355,0,3.99,26,103.74000000000001
0_356,0,12.14,25,303.5
0_357,0,4.99,21,104.79
0_358,0,4.29,31,132.99
0_359,0,6.99,19,132.81
0_36,0,12.57,16,201.12
0_360,0,11.75,21,246.75
0_361,0,14.99,15,224.85
0_362,0,22.77,3,68.31
0_363,0,5.99,21,125.79
0_364,0,15.5,18,279.0
0_365,0,6.99,15,104.85000000000001
0_366,0,9.02,20,180.39999999999998
0_367,0,8.99,24,215.76
0_368,0,5.75,25,143.75
0_369,0,10.99,16,175.84
0_37,0,1.99,5,9.95
0_370,0,11.37,30,341.09999999999997
0_371,0,11.99,16,191.84
0_372,0,10.59,21,222.39
0_373,0,6.99,23,160.77
0_374,0,1.82,2,3.64
0_375,0,8.99,16,143.84
0_376,0,8.75,22,192.5
0_377,0,6.99,24,167.76
0_378,0,8.79,17,149.42999999999998
0_379,0,9.99,22,219.78
0_38,0,3.68,18,66.24000000000001
0_380,0,2.98,5,14.9
0_381,0,15.99,19,303.81
0_382,0,9.82,28,274.96000000000004
0_383,0,16.99,16,271.84
0_384,0,6.78,19,128.82
0_385,0,9.99,24,239.76
0_386,0,19.42,11,213.62
0_387,0,16.99,14,237.85999999999999
0_388,0,15.62,13,203.06
0_389,0,18.99,15,284.84999999999997
0_39,0,8.99,15,134.85
0_390,0,22.11,4,88.44
0_391,0,8.99,16,143.84
0_392,0,26.17,3,78.51
0_393,0,13.99,15,209.85
0_394,0,2.14,2,4.28
0_395,0,9.99,16,159.84
0_396,0,7.67,14,107.38
0_397,0,13.99,23,321.77
0_398,0,4.72,15,70.8
0_399,0,16.99,22,373.78
0_4,0,25.33,5,126.64999999999999
0_40,0,8.03,13,104.38999999999999
0_400,0,9.46,14,132.44
0_401,0,26.99,2,53.98
0_402,0,4.95,8,39.6
0_403,0,3.99,23,91.77000000000001
0_404,0,28.77,7,201.39
0_405,0,19.99,15,299.84999999999997
0_406,0,10.57,13,137.41
0_407,0,15.99,15,239.85
0_408,0,10.42,10,104.2
0_409,0,6.99,16,111.84
0_41,0,2.99,2,5.98
0_410,0,25.23,2,50.46
0_411,0,25.99,3,77.97
0_412,0,21.33,7,149.31
0_413,0,5.99,15,89.85000000000001
0_414,0,12.65,17,215.05
0_415,0,10.99,13,142.87
0_416,0,18.56,15,278.4
0_417,0,4.99,9,44.910000000000004
0_418,0,7.69,10,76.9
0_419,0,20.99,2,41.98
0_42,0,22.68,5,113.4
0_420,0,15.01,21,315.21
0_421,0,16.99,12,203.88
0_422,0,5.76,19,109.44
0_423,0,1.99,3,5.97
0_424,0,14.99,11,164.89000000000001
0_425,0,23.99,5,119.94999999999999
0_426,0,9.02,19,171.38
0_427,0,20.99,5,104.94999999999999
0_428,0,7.01,18,126.17999999999999
0_429,0,1.99,3,5.97
0_43,0,2.99,3,8.97
0_430,0,4.01,17,68.17
0_431,0,32.99,4,131.96
0_432,0,26.46,3,79.38
0_433,0,2.99,1,2.99
0_434,0,16.97,16,271.52
0_435,0,3.99,17,67.83
0_436,0,30.09,3,90.27
0_437,0,4.99,20,99.80000000000001
0_438,0,14.01,17,238.17
0_439,0,5.99,13,77.87
0_44,0,3.96,9,35.64
0_440,0,13.0,11,143.0
0_441,0,6.99,21,146.79
0_442,0,4.4,12,52.800000000000004
0_443,0,3.99,8,31.92
0_444,0,10.17,15,152.55
0_445,0,3.99,13,51.870000000000005
0_446,0,13.49,11,148.39000000000001
0_447,0,20.99,3,62.97
0_448,0,2.64,3,7.92
0_449,0,17.99,19,341.80999999999995
0_45,0,2.99,6,17.94
0_450,0,11.8,24,283.20000000000005
0_451,0,7.99,15,119.85000000000001
0_452,0,19.72,18,354.96
0_453,0,29.99,1,29.99
0_454,0,14.23,18,256.14
0_455,0,12.99,13,168.87
0_456,0,8.19,16,131.04
0_457,0,5.99,18,107.82000000000001
0_458,0,6.75,20,135.0
0_459,0,4.99,17,84.83
0_46,0,5.58,14,78.12
0_460,0,1.25,3,3.75
0_461,0,16.99,18,305.82
0_462,0,11.13,15,166.95000000000002
0_463,0,21.99,4,87.96
0_464,0,7.62,18,137.16
0_465,0,14.99,24,359.76
0_466,0,3.61,23,83.03
0_467,0,13.99,13,181.87
0_468,0,17.89,19,339.91
0_469,0,4.99,16,79.84
0_47,0,4.99,14,69.86
0_470,0,9.61,18,172.98
0_471,0,4.99,15,74.85000000000001
0_472,0,30.91,2,61.82
0_473,0,7.99,14,111.86
0_474,0,1.54,2,3.08
0_475,0,8.99,10,89.9
0_476,0,21.64,4,86.56
0_477,0,2.99,9,26.910000000000004
0_478,0,14.84,23,341.32
0_479,0,10.99,25,274.75
0_48,0,19.25,9,173.25
0_480,0,24.61,2,49.22
0_481,0,4.99,31,154.69
0_482,0,2.93,3,8.790000000000001
0_483,0,23.99,2,47.98
0_484,0,3.47,19,65.93
0_485,0,12.99,41,532.59
0_486,0,6.38,30,191.4
0_487,0,4.99,40,199.60000000000002
0_488,0,4.39,32,140.48
0_489,0,19.99,24,479.76
0_49,0,23.99,3,71.97
0_490,0,12.45,29,361.04999999999995
0_491,0,16.99,35,594.65
0_492,0,9.9,36,356.40000000000003
0_493,0,7.99,32,255.68
0_494,0,39.58,4,158.32
0_495,0,2.99,1,2.99
0_496,0,11.02,28,308.56
0_497,0,3.99,45,179.55
0_498,0,2.64,2,5.28
0_499,0,13.99,25,349.75
0_5,0,22.99,4,91.96
0_50,0,22.08,6,132.48
0_500,0,5.14,33,169.61999999999998
0_501,0,12.99,28,363.72
0_502,0,3.13,27,84.50999999999999
0_503,0,18.99,20,379.79999999999995
0_504,0,3.43,35,120.05000000000001
0_505,0,25.99,4,103.96
0_506,0,15.81,38,600.78
0_507,0,18.99,32,607.68
0_508,0,8.5,24,204.0
0_509,0,5.99,32,191.68
0_51,0,4.99,14,69.86
0_510,0,23.66,0,0.0
0_511,0,20.99,2,41.98
0_512,0,15.74,30,472.2
0_513,0,11.99,32,383.68
0_514,0,29.15,2,58.3
0_515,0,11.99,26,311.74
0_516,0,10.1,30,303.0
0_517,0,7.99,38,303.62
0_518,0,12.1,24,290.4
0_519,0,6.99,37,258.63
0_52,0,19.59,12,235.07999999999998
0_520,0,14.52,22,319.44
0_521,0,23.99,2,47.98
0_522,0,2.54,2,5.08
0_523,0,4.99,33,164.67000000000002
0_524,0,5.83,25,145.75
0_525,0,2.99,0,0.0
0_526,0,19.26,35,674.1
0_527,0,2.99,2,5.98
0_528,0,0.62,7,4.34
0_529,0,5.99,28,167.72
0_53,0,3.99,11,43.89
0_530,0,13.23,42,555.66
0_531,0,7.99,24,191.76
0_532,0,12.71,42,533.82
0_533,0,3.99,37,147.63
0_534,0,2.84,3,8.52
0_535,0,4.99,37,184.63
0_536,0,3.26,32,104.32
0_537,0,16.99,44,747.56
0_538,0,4.91,34,166.94
0_539,0,14.99,36,539.64
0_54,0,18.57,13,241.41
0_540,0,8.65,32,276.8
0_541,0,1.99,1,1.99
0_542,0,18.18,35,636.3
0_543,0,7.99,49,391.51
0_544,0,17.84,42,749.28
0_545,0,6.99,46,321.54
0_546,0,3.43,37,126.91000000000001
0_547,0,8.99,37,332.63
0_548,0,37.53,3,112.59
0_549,0,2.99,1,2.99
0_55,0,6.99,13,90.87
0_550,0,13.9,34,472.6
0_551,0,12.99,34,441.66
0_552,0,21.3,4,85.2
0_553,0,13.99,38,531.62
0_554,0,29.22,3,87.66
0_555,0,18.99,39,740.6099999999999
0_556,0,2.06,4,8.24
0_557,0,9.99,41,409.59000000000003
0_558,0,13.29,26,345.53999999999996
0_559,0,3.99,43,171.57000000000002
0_56,0,27.6,3,82.80000000000001
0_560,0,4.53,26,117.78
0_561,0,6.99,35,244.65
0_562,0,3.64,34,123.76
0_563,0,17.99,35,629.65
0_564,0,4.15,36,149.4
0_565,0,1.99,3,5.97
0_566,0,4.27,29,123.82999999999998
0_567,0,5.99,37,221.63
0_568,0,29.76,1,29.76
0_569,0,11.99,27,323.73
0_57,0,14.99,16,239.84
0_570,0,7.16,36,257.76
0_571,0,17.99,38,683.6199999999999
0_572,0,13.7,27,369.9
0_573,0,34.99,2,69.98
0_574,0,14.34,39,559.26
0_575,0,3.99,35,139.65
0_576,0,15.98,27,431.46000000000004
0_577,0,9.99,32,319.68
0_578,0,11.16,37,412.92
0_579,0,6.99,32,223.68
0_58,0,9.49,8,75.92
0_580,0,4.13,25,103.25
0_581,0,8.99,23,206.77
0_582,0,11.86,25,296.5
0_583,0,10.99,21,230.79
0_584,0,19.82,21,416.22
0_585,0,9.99,28,279.72
0_586,0,4.95,35,173.25
0_587,0,1.99,4,7.96
0_588,0,9.28,23,213.44
0_589,0,13.99,25,349.75
0_59,0,14.99,14,209.86
0_590,0,24.35,4,97.4
0_591,0,1.99,2,3.98
0_592,0,8.71,31,270.01000000000005
0_593,0,8.99,25,224.75
0_594,0,4.95,20,99.0
0_595,0,6.99,23,160.77
0_596,0,6.18,20,123.6
0_597,0,4.99,27,134.73000000000002
0_598,0,17.67,20,353.40000000000003
0_599,0,10.99,33,362.67
0_6,0,12.13,8,97.04
0_60,0,37.64,9,338.76
0_600,0,14.09,28,394.52
0_601,0,9.99,28,279.72
0_602,0,13.89,19,263.91
0_603,0,14.99,27,404.73
0_604,0,33.54,2,67.08
0_605,0,24.99,4,99.96
0_606,0,4.86,35,170.10000000000002
0_607,0,14.99,29,434.71
0_608,0,3.78,16,60.48
0_609,0,3.99,27,107.73
0_61,0,7.99,18,143.82
0_610,0,12.46,15,186.9
0_611,0,12.99,22,285.78000000000003
0_612,0,0.88,3,2.64
0_613,0,15.99,24,383.76
0_614,0,10.71,25,267.75
0_615,0,3.99,27,107.73
0_616,0,2.35,5,11.75
0_617,0,17.99,22,395.78
0_618,0,3.08,19,58.52
0_619,0,7.99,16,127.84
0_62,0,4.44,15,66.60000000000001
0_620,0,25.31,3,75.92999999999999
0_621,0,1.99,3,5.97
0_622,0,19.96,21,419.16
0_623,0,3.99,31,123.69000000000001
0_624,0,6.6,24,158.39999999999998
0_625,0,16.99,28,475.71999999999997
0_626,0,5.4,26,140.4
0_627,0,2.99,5,14.950000000000001
0_628,0,19.03,22,418.66
0_629,0,11.99,28,335.72
0_63,0,6.99,12,83.88
0_630,0,11.32,31,350.92
0_631,0,15.99,28,447.72
0_632,0,20.77,3,62.31
0_633,0,16.99,35,594.65
0_634,0,11.92,16,190.72
0_635,0,18.99,24,455.76
0_636,0,17.29,33,570.5699999999999
0_637,0,4.99,28,139.72
0_638,0,7.72,30,231.6
0_639,0,4.99,28,139.72
0_64,0,4.22,8,33.76
0_640,0,13.09,34,445.06
0_641,0,3.99,17,67.83
0_642,0,10.32,35,361.2
0_643,0,0.99,2,1.98
0_644,0,3.61,31,111.91
0_645,0,2.99,4,11.96
0_646,0,29.42,5,147.10000000000002
0_647,0,4.99,42,209.58
0_648,0,7.41,20,148.2
0_649,0,9.99,25,249.75
0_65,0,8.99,20,179.8
0_650,0,18.7,30,561.0
0_651,0,19.99,18,359.82
0_652,0,4.03,26,104.78
0_653,0,3.99,33,131.67000000000002
0_654,0,10.57,26,274.82
0_655,0,9.99,32,319.68
0_656,0,7.54,28,211.12
0_657,0,6.99,29,202.71
0_658,0,30.66,8,245.28
0_659,0,21.99,8,175.92
0_66,0,7.11,13,92.43
0_660,0,20.16,2,40.32
0_661,0,17.99,19,341.80999999999995
0_662,0,7.54,26,196.04
0_663,0,20.99,4,83.96
0_664,0,5.13,28,143.64
0_665,0,6.99,22,153.78
0_666,0,8.54,29,247.65999999999997
0_667,0,12.99,36,467.64
0_668,0,2.51,7,17.57
0_669,0,6.99,24,167.76
0_67,0,22.99,6,137.94
0_670,0,12.59,28,352.52
0_671,0,8.99,30,269.7
0_672,0,5.76,25,144.0
0_673,0,5.99,12,71.88
0_674,0,13.95,9,125.55
0_675,0,19.99,7,139.92999999999998
0_676,0,3.86,6,23.16
0_677,0,24.99,3,74.97
0_678,0,4.29,7,30.03
0_679,0,4.99,5,24.950000000000003
0_68,0,2.94,10,29.4
0_680,0,7.43,4,29.72
0_681,0,5.99,8,47.92
0_682,0,11.59,10,115.9
0_683,0,11.99,14,167.86
0_684,0,8.17,10,81.7
0_685,0,12.99,13,168.87
0_686,0,1.32,4,5.28
0_687,0,17.99,8,143.92
0_688,0,17.65,7,123.54999999999998
0_689,0,14.99,10,149.9
0_69,0,25.99,2,51.98
0_690,0,4.9,8,39.2
0_691,0,5.99,8,47.92
0_692,0,3.74,12,44.88
0_693,0,7.99,8,63.92
0_694,0,11.35,10,113.5
0_695,0,25.99,3,77.97
0_696,0,1.67,7,11.69
0_697,0,9.99,6,59.94
0_698,0,1.44,5,7.199999999999999
0_699,0,18.99,7,132.92999999999998
0_7,0,7.99,19,151.81
0_70,0,9.57,15,143.55
0_700,0,18.64,5,93.2
0_701,0,8.99,2,17.98
0_702,0,4.41,12,52.92
0_703,0,3.99,6,23.94
0_704,0,16.92,5,84.60000000000001
0_705,0,16.99,11,186.89
0_706,0,3.41,8,27.28
0_707,0,4.99,8,39.92
0_708,0,20.81,3,62.42999999999999
0_709,0,6.99,10,69.9
0_71,0,16.99,19,322.80999999999995
0_710,0,3.72,7,26.040000000000003
0_711,0,4.99,18,89.82000000000001
0_712,0,23.37,3,70.11
0_713,0,1.99,4,7.96
0_714,0,4.14,4,16.56
0_715,0,17.99,6,107.94
0_716,0,26.69,4,106.76
0_717,0,8.99,8,71.92
0_718,0,15.83,7,110.81
0_719,0,4.99,7,34.93
0_72,0,9.84,9,88.56
0_720,0,6.8,7,47.6
0_721,0,5.99,6,35.94
0_722,0,20.31,8,162.48
0_723,0,5.99,7,41.93
0_724,0,21.78,3,65.34
0_725,0,10.99,8,87.92
0_726,0,10.21,11,112.31
0_727,0,12.99,6,77.94
0_728,0,30.58,5,152.89999999999998
0_729,0,28.99,10,289.9
0_73,0,2.99,3,8.97
0_730,0,11.52,9,103.67999999999999
0_731,0,17.99,9,161.91
0_732,0,8.02,9,72.17999999999999
0_733,0,9.99,9,89.91
0_734,0,11.16,7,78.12
0_735,0,21.99,2,43.98
0_736,0,6.03,6,36.18
0_737,0,20.99,8,167.92
0_738,0,4.08,9,36.72
0_739,0,11.99,4,47.96
0_74,0,16.0,6,96.0
0_740,0,15.66,6,93.96000000000001
0_741,0,1.99,5,9.95
0_742,0,10.79,4,43.16
0_743,0,16.99,5,84.94999999999999
0_744,0,8.73,7,61.11
0_745,0,13.99,8,111.92
0_746,0,23.86,4,95.44
0_747,0,6.99,7,48.93
0_748,0,27.27,4,109.08
0_749,0,3.99,6,23.94
0_75,0,4.99,11,54.89
0_750,0,23.74,3,71.22
0_751,0,6.99,6,41.94
0_752,0,14.74,9,132.66
0_753,0,7.99,8,63.92
0_754,0,5.1,8,40.8
0_755,0,3.99,7,27.93
0_756,0,2.41,6,14.46
0_757,0,9.99,7,69.93
0_758,0,4.0,8,32.0
0_759,0,22.99,5,114.94999999999999
0_76,0,8.59,6,51.54
0_760,0,15.63,10,156.3
0_761,0,4.99,14,69.86
0_762,0,6.57,7,45.99
0_763,0,16.99,11,186.89
0_764,0,5.59,6,33.54
0_765,0,10.99,8,87.92
0_766,0,2.16,5,10.8
0_767,0,14.99,7,104.93
0_768,0,3.53,11,38.83
0_769,0,24.99,5,124.94999999999999
0_77,0,21.99,13,285.87
0_770,0,9.48,5,47.400000000000006
0_771,0,4.99,11,54.89
0_772,0,16.87,5,84.35000000000001
0_773,0,5.99,7,41.93
0_774,0,6.66,7,46.620000000000005
0_775,0,18.99,7,132.92999999999998
0_776,0,19.72,12,236.64
0_777,0,12.99,5,64.95
0_778,0,2.39,4,9.56
0_779,0,12.99,7,90.93
0_78,0,12.87,6,77.22
0_780,0,2.5,6,15.0
0_781,0,10.99,10,109.9
0_782,0,11.84,7,82.88
0_783,0,3.99,10,39.900000000000006
0_784,0,3.6,10,36.0
0_785,0,3.99,7,27.93
0_786,0,7.53,8,60.24
0_787,0,7.99,5,39.95
0_788,0,10.97,4,43.88
0_789,0,7.99,7,55.93
0_79,0,24.99,2,49.98
0_790,0,10.34,7,72.38
0_791,0,14.99,8,119.92
0_792,0,8.1,8,64.8
0_793,0,9.99,11,109.89
0_794,0,22.44,6,134.64000000000001
0_795,0,8.99,8,71.92
0_796,0,21.15,3,63.449999999999996
0_797,0,4.99,9,44.910000000000004
0_798,0,6.82,6,40.92
0_799,0,11.99,15,179.85
0_8,0,15.08,12,180.96
0_80,0,5.55,4,22.2
0_800,0,6.99,8,55.92
0_801,0,11.99,11,131.89000000000001
0_802,0,11.22,12,134.64000000000001
0_803,0,16.99,10,169.89999999999998
0_804,0,19.19,9,172.71
0_805,0,10.99,11,120.89
0_806,0,3.33,13,43.29
0_807,0,1.99,1,1.99
0_808,0,27.85,2,55.7
0_809,0,16.99,9,152.91
0_81,0,5.99,7,41.93
0_810,0,3.8,7,26.599999999999998
0_811,0,3.99,16,63.84
0_812,0,3.77,10,37.7
0_813,0,9.99,11,109.89
0_814,0,3.25,13,42.25
0_815,0,10.99,11,120.89
0_816,0,6.91,7,48.370000000000005
0_817,0,15.99,16,255.84
0_818,0,19.27,8,154.16
0_819,0,3.99,12,47.88
0_82,0,9.98,9,89.82000000000001
0_820,0,1.32,3,3.96
0_821,0,12.99,13,168.87
0_822,0,35.3,4,141.2
0_823,0,26.99,5,134.95
0_824,0,4.45,13,57.85
0_825,0,11.99,14,167.86
0_826,0,6.89,9,62.01
0_827,0,17.99,12,215.88
0_828,0,11.36,14,159.04
0_829,0,2.99,4,11.96
0_83,0,2.99,6,17.94
0_830,0,11.89,16,190.24
0_831,0,4.99,8,39.92
0_832,0,10.85,12,130.2
0_833,0,2.99,1,2.99
0_834,0,15.77,5,78.85
0_835,0,6.99,10,69.9
0_836,0,3.76,7,26.32
0_837,0,5.99,10,59.900000000000006
0_838,0,18.02,20,360.4
0_839,0,9.99,13,129.87
0_84,0,25.07,4,100.28
0_840,0,17.07,5,85.35
0_841,0,19.99,11,219.89
0_842,0,3.07,14,42.98
0_843,0,7.99,12,95.88
0_844,0,12.59,11,138.49
0_845,0,17.99,6,107.94
0_846,0,5.03,10,50.300000000000004
0_847,0,8.99,7,62.93
0_848,0,1.73,3,5.1899999999999995
0_849,0,15.99,13,207.87
0_85,0,2.99,3,8.97
0_850,0,14.77,14,206.78
0_851,0,6.99,9,62.910000000000004
0_852,0,10.81,11,118.91000000000001
0_853,0,9.99,16,159.84
0_854,0,2.21,3,6.63
0_855,0,7.99,21,167.79
0_856,0,10.16,20,203.2
0_857,0,6.99,13,90.87
0_858,0,21.29,6,127.74
0_859,0,16.99,15,254.84999999999997
0_86,0,10.32,5,51.6
0_860,0,13.82,14,193.48000000000002
0_861,0,11.99,19,227.81
0_862,0,1.84,2,3.68
0_863,0,7.99,8,63.92
0_864,0,4.68,18,84.24
0_865,0,1.99,6,11.94
0_866,0,8.51,11,93.61
0_867,0,7.99,13,103.87
0_868,0,15.96,13,207.48000000000002
0_869,0,9.99,17,169.83
0_87,0,17.99,8,143.92
0_870,0,3.73,12,44.76
0_871,0,16.99,14,237.85999999999999
0_872,0,20.63,6,123.78
0_873,0,2.99,4,11.96
0_874,0,11.85,12,142.2
0_875,0,21.99,2,43.98
0_876,0,17.35,11,190.85000000000002
0_877,0,5.99,10,59.900000000000006
0_878,0,12.69,5,63.449999999999996
0_879,0,9.99,9,89.91
0_88,0,8.3,2,16.6
0_880,0,13.28,12,159.35999999999999
0_881,0,18.99,7,132.92999999999998
0_882,0,24.75,5,123.75
0_883,0,14.99,8,119.92
0_884,0,2.15,1,2.15
0_885,0,8.99,14,125.86
0_886,0,21.82,1,21.82
0_887,0,13.99,7,97.93
0_888,0,6.48,14,90.72
0_889,0,23.99,4,95.96
0_89,0,14.99,11,164.89000000000001
0_890,0,2.81,3,8.43
0_891,0,21.99,3,65.97
0_892,0,3.42,10,34.2
0_893,0,10.99,17,186.83
0_894,0,3.03,19,57.56999999999999
0_895,0,16.99,9,152.91
0_896,0,7.42,11,81.62
0_897,0,9.99,11,109.89
0_898,0,1.27,2,2.54
0_899,0,19.99,10,199.89999999999998
0_9,0,31.99,9,287.90999999999997
0_90,0,12.04,10,120.39999999999999
0_900,0,11.89,11,130.79000000000002
0_901,0,15.99,8,127.92
0_902,0,0.92,3,2.7600000000000002
0_903,0,3.99,9,35.910000000000004
0_904,0,11.98,14,167.72
0_905,0,5.99,17,101.83
0_906,0,16.97,9,152.73
0_907,0,34.99,4,139.96
0_908,0,15.15,9,136.35
0_909,0,18.99,6,113.94
0_91,0,0.99,6,5.9399999999999995
0_910,0,15.92,13,206.96
0_911,0,4.99,10,49.900000000000006
0_912,0,18.31,16,292.96
0_913,0,14.99,11,164.89000000000001
0_914,0,12.02,19,228.38
0_915,0,18.99,13,246.86999999999998
0_916,0,12.65,13,164.45000000000002
0_917,0,10.99,4,43.96
0_918,0,3.41,8,27.28
0_919,0,18.99,10,189.89999999999998
0_92,0,9.63,10,96.30000000000001
0_920,0,37.46,6,224.76
0_921,0,4.99,11,54.89
0_922,0,12.95,10,129.5
0_923,0,3.99,5,19.950000000000003
0_924,0,4.01,12,48.12
0_925,0,16.99,11,186.89
0_926,0,8.1,11,89.1
0_927,0,6.99,5,34.95
0_928,0,18.27,11,200.97
0_929,0,15.99,6,95.94
0_93,0,16.99,9,152.91
0_930,0,12.91,12,154.92000000000002
0_931,0,19.99,8,159.92
0_932,0,7.1,8,56.8
0_933,0,8.99,7,62.93
0_934,0,5.02,11,55.22
0_935,0,3.99,10,39.900000000000006
0_936,0,1.69,5,8.45
0_937,0,10.99,9,98.91
0_938,0,11.79,11,129.69
0_939,0,18.99,12,227.88
0_94,0,27.76,1,27.76
0_940,0,21.22,2,42.44
0_941,0,14.99,13,194.87
0_942,0,2.02,3,6.0600000000000005
0_943,0,7.99,15,119.85000000000001
0_944,0,13.38,14,187.32000000000002
0_945,0,22.99,3,68.97
0_946,0,18.01,10,180.10000000000002
0_947,0,5.99,6,35.94
0_948,0,6.25,9,56.25
0_949,0,10.99,15,164.85
0_95,0,9.99,6,59.94
0_950,0,11.34,11,124.74
0_951,0,9.99,11,109.89
0_952,0,10.47,6,62.82000000000001
0_953,0,26.99,5,134.95
0_954,0,6.51,12,78.12
0_955,0,7.99,13,103.87
0_956,0,10.34,11,113.74
0_957,0,2.99,6,17.94
0_958,0,15.31,19,290.89
0_959,0,9.99,6,59.94
0_96,0,9.45,7,66.14999999999999
0_960,0,10.89,22,239.58
0_961,0,23.99,3,71.97
0_962,0,5.27,14,73.78
0_963,0,8.99,13,116.87
0_964,0,1.61,2,3.22
0_965,0,19.99,12,239.88
0_966,0,23.95,2,47.9
0_967,0,8.99,16,143.84
0_968,0,3.06,13,39.78
0_969,0,11.99,8,95.92
0_97,0,11.99,7,83.93
0_970,0,8.32,15,124.80000000000001
0_971,0,9.99,8,79.92
0_972,0,15.7,5,78.5
0_973,0,10.99,14,153.86
0_974,0,11.75,8,94.0
0_975,0,7.99,7,55.93
0_976,0,11.8,12,141.60000000000002
0_977,0,7.99,10,79.9
0_978,0,19.11,7,133.76999999999998
0_979,0,14.99,11,164.89000000000001
0_98,0,13.17,12,158.04
0_980,0,31.06,2,62.12
0_981,0,19.99,8,159.92
0_982,0,13.61,8,108.88
0_983,0,12.99,6,77.94
0_984,0,4.41,13,57.33
0_985,0,5.99,2,11.98
0_986,0,16.22,18,291.96
0_987,0,23.99,5,119.94999999999999
0_988,0,31.34,2,62.68
0_989,0,18.99,263,4994.37
0_99,0,6.99,5,34.95
0_990,0,4.61,28,129.08
0_991,0,19.99,194,3878.0599999999995
0_992,0,8.58,204,1750.32
0_993,0,10.99,224,2461.76
0_994,0,20.71,2,41.42
0_995,0,10.99,192,2110.08
0_996,0,11.64,223,2595.7200000000003
0_997,0,9.99,220,2197.8
0_998,0,9.41,222,2089.02
0_999,0,9.99,208,2077.92
1_0,1,31.82,0,0.0
1_1,1,42.99,16,687.84
1_10,1,78.83,47,3705.0099999999998
1_100,1,15.13,82,1240.66
1_101,1,9.99,38,379.62
1_102,1,3.29,40,131.6
1_103,1,20.99,84,1763.1599999999999
1_104,1,37.12,37,1373.4399999999998
1_105,1,10.99,71,780.29
1_106,1,7.21,27,194.67
1_107,1,10.99,53,582.47
1_108,1,45.03,21,945.63
1_109,1,22.99,63,1448.37
1_11,1,39.99,54,2159.46
1_110,1,54.9,31,1701.8999999999999
1_111,1,42.99,27,1160.73
1_112,1,6.62,10,66.2
1_113,1,50.99,6,305.94
1_114,1,35.61,2,71.22
1_115,1,32.99,7,230.93
1_116,1,12.88,78,1004.6400000000001
1_117,1,41.99,3,125.97
1_118,1,30.51,5,152.55
1_119,1,31.99,12,383.88
1_12,1,18.19,55,1000.45
1_120,1,64.59,6,387.54
1_121,1,49.99,9,449.91
1_122,1,35.93,5,179.65
1_123,1,2.99,11,32.89
1_124,1,44.71,4,178.84
1_125,1,30.99,14,433.85999999999996
1_126,1,18.6,84,1562.4
1_127,1,39.99,5,199.95000000000002
1_128,1,48.63,10,486.3
1_129,1,18.99,69,1310.31
1_13,1,80.99,38,3077.62
1_130,1,11.14,57,634.98
1_131,1,6.99,9,62.910000000000004
1_132,1,14.41,51,734.91
1_133,1,21.99,50,1099.5
1_134,1,13.0,66,858.0
1_135,1,7.99,3,23.97
1_136,1,31.72,4,126.88
1_137,1,12.99,59,766.41
1_138,1,44.67,5,223.35000000000002
1_139,1,6.99,6,41.94
1_14,1,13.28,42,557.76
1_140,1,38.56,4,154.24
1_141,1,22.99,57,1310.4299999999998
1_142,1,17.76,79,1403.0400000000002
1_143,1,9.99,5,49.95
1_144,1,45.09,6,270.54
1_145,1,24.99,47,1174.53
1_146,1,31.98,2,63.96
1_147,1,28.99,59,1710.4099999999999
1_148,1,8.08,4,32.32
1_149,1,5.99,8,47.92
1_15,1,16.99,42,713.5799999999999
1_150,1,22.42,54,1210.68
1_151,1,41.99,2,83.98
1_152,1,11.06,70,774.2
1_153,1,22.99,68,1563.32
1_154,1,33.39,9,300.51
1_155,1,49.99,9,449.91
1_156,1,32.67,6,196.02
1_157,1,26.99,107,2887.93
1_158,1,22.17,93,2061.81
1_159,1,52.99,3,158.97
1_16,1,63.92,12,767.04
1_160,1,18.21,86,1566.0600000000002
1_161,1,23.99,89,2135.1099999999997
1_162,1,19.58,109,2134.22
1_163,1,35.99,7,251.93
1_164,1,21.64,86,1861.04
1_165,1,17.99,109,1960.9099999999999
1_166,1,15.81,101,1596.81
1_167,1,10.99,126,1384.74
1_168,1,57.45,5,287.25
1_169,1,19.99,87,1739.1299999999999
1_17,1,39.99,9,359.91
1_170,1,14.22,113,1606.8600000000001
1_171,1,73.99,6,443.93999999999994
1_172,1,26.77,61,1632.97
1_173,1,15.99,98,1567.02
1_174,1,44.09,12,529.08
1_175,1,6.99,12,83.88
1_176,1,58.54,12,702.48
1_177,1,43.99,11,483.89000000000004
1_178,1,51.92,13,674.96
1_179,1,15.99,76,1215.24
1_18,1,6.43,14,90.02
1_180,1,5.55,11,61.05
1_181,1,7.99,12,95.88
1_182,1,7.71,10,77.1
1_183,1,24.99,93,2324.0699999999997
1_184,1,67.65,13,879.45
1_185,1,33.99,7,237.93
1_186,1,10.64,103,1095.92
1_187,1,26.99,93,2510.0699999999997
1_188,1,12.54,97,1216.3799999999999
1_189,1,13.99,99,1385.01
1_19,1,18.99,56,1063.4399999999998
1_190,1,14.53,96,1394.8799999999999
1_191,1,16.99,92,1563.08
1_192,1,21.61,85,1836.85
1_193,1,40.99,12,491.88
1_194,1,52.03,14,728.4200000000001
1_195,1,35.99,14,503.86
1_196,1,33.32,15,499.8
1_197,1,5.99,11,65.89
1_198,1,5.84,17,99.28
1_199,1,22.99,41,942.5899999999999
1_2,1,7.77,30,233.1
1_20,1,36.6,17,622.2
1_200,1,54.73,9,492.57
1_201,1,23.99,58,1391.4199999999998
1_202,1,19.96,63,1257.48
1_203,1,48.99,7,342.93
1_204,1,6.73,9,60.57000000000001
1_205,1,8.99,8,71.92
1_206,1,33.09,10,330.90000000000003
1_207,1,9.99,11,109.89
1_208,1,14.99,60,899.4
1_209,1,8.99,15,134.85
1_21,1,22.99,45,1034.55
1_210,1,28.65,44,1260.6
1_211,1,37.99,7,265.93
1_212,1,39.86,6,239.16
1_213,1,19.99,53,1059.47
1_214,1,44.7,9,402.3
1_215,1,33.99,8,271.92
1_216,1,35.03,6,210.18
1_217,1,61.99,18,1115.82
1_218,1,10.72,45,482.40000000000003
1_219,1,8.99,11,98.89
1_22,1,29.33,56,1642.48
1_220,1,23.37,53,1238.6100000000001
1_221,1,10.99,53,582.47
1_222,1,23.17,46,1065.8200000000002
1_223,1,16.99,48,815.52
1_224,1,4.95,3,14.850000000000001
1_225,1,18.99,53,1006.4699999999999
1_226,1,37.73,9,339.57
1_227,1,61.99,8,495.92
1_228,1,51.71,16,827.36
1_229,1,42.99,7,300.93
1_23,1,23.99,50,1199.5
1_230,1,4.05,10,40.5
1_231,1,33.99,9,305.91
1_232,1,12.22,54,659.88
1_233,1,43.99,5,219.95000000000002
1_234,1,18.58,50,928.9999999999999
1_235,1,37.99,13,493.87
1_236,1,14.04,44,617.76
1_237,1,18.99,49,930.5099999999999
1_238,1,2.0,11,22.0
1_239,1,13.99,48,671.52
1_24,1,39.08,23,898.8399999999999
1_240,1,9.22,7,64.54
1_241,1,21.99,99,2177.0099999999998
1_242,1,16.31,314,5121.339999999999
1_243,1,42.99,4,171.96
1_244,1,3.64,8,29.12
1_245,1,23.99,116,2782.8399999999997
1_246,1,18.75,453,8493.75
1_247,1,20.99,404,8479.96
1_248,1,10.75,410,4407.5
1_249,1,22.99,445,10230.55
1_25,1,15.99,58,927.42
1_250,1,20.76,421,8739.960000000001
1_251,1,15.99,420,6715.8
1_252,1,39.33,6,235.98
1_253,1,14.99,421,6310.79
1_254,1,47.69,8,381.52
1_255,1,32.99,9,296.91
1_256,1,26.05,485,12634.25
1_257,1,22.99,468,10759.32
1_258,1,31.0,5,155.0
1_259,1,10.99,466,5121.34
1_26,1,36.01,14,504.14
1_260,1,17.63,450,7933.5
1_261,1,44.99,8,359.92
1_262,1,26.25,483,12678.75
1_263,1,40.99,16,655.84
1_264,1,16.07,472,7585.04
1_265,1,24.99,524,13094.759999999998
1_266,1,7.98,9,71.82000000000001
1_267,1,27.99,480,13435.199999999999
1_268,1,8.37,11,92.07
1_269,1,47.99,10,479.90000000000003
1_27,1,14.99,46,689.54
1_270,1,31.14,9,280.26
1_271,1,16.99,475,8070.249999999999
1_272,1,4.55,7,31.849999999999998
1_273,1,47.99,11,527.89
1_274,1,24.4,487,11882.8
1_275,1,41.99,4,167.96
1_276,1,56.97,8,455.76
1_277,1,25.99,504,13098.96
1_278,1,19.18,502,9628.36
1_279,1,27.99,517,14470.83
1_28,1,13.03,45,586.35
1_280,1,15.59,505,7872.95
1_281,1,23.99,546,13098.539999999999
1_282,1,23.2,530,12296.0
1_283,1,14.99,542,8124.58
1_284,1,60.39,6,362.34000000000003
1_285,1,14.99,562,8424.380000000001
1_286,1,29.44,543,15985.92
1_287,1,29.99,397,11906.029999999999
1_288,1,22.09,464,10249.76
1_289,1,32.99,10,329.90000000000003
1_29,1,11.99,49,587.51
1_290,1,32.79,9,295.11
1_291,1,9.99,7,69.93
1_292,1,8.04,7,56.279999999999994
1_293,1,22.99,436,10023.64
1_294,1,31.24,8,249.92
1_295,1,3.99,8,31.92
1_296,1,24.67,359,8856.53
1_297,1,56.99,5,284.95
1_298,1,49.1,11,540.1
1_299,1,13.99,313,4378.87
1_3,1,12.99,38,493.62
1_30,1,20.85,76,1584.6000000000001
1_300,1,6.74,8,53.92
1_301,1,27.99,310,8676.9
1_302,1,34.97,10,349.7
1_303,1,13.99,311,4350.89
1_304,1,26.64,330,8791.2
1_305,1,29.99,338,10136.619999999999
1_306,1,34.18,10,341.8
1_307,1,6.99,12,83.88
1_308,1,11.65,350,4077.5
1_309,1,7.99,13,103.87
1_31,1,37.99,37,1405.63
1_310,1,14.2,332,4714.4
1_311,1,16.99,367,6235.329999999999
1_312,1,24.56,364,8939.84
1_313,1,27.99,373,10440.269999999999
1_314,1,9.0,6,54.0
1_315,1,66.99,19,1272.81
1_316,1,19.74,370,7303.799999999999
1_317,1,38.99,10,389.90000000000003
1_318,1,17.24,363,6258.119999999999
1_319,1,43.99,12,527.88
1_32,1,14.79,59,872.6099999999999
1_320,1,27.46,342,9391.32
1_321,1,9.99,7,69.93
1_322,1,51.6,11,567.6
1_323,1,32.99,8,263.92
1_324,1,31.97,10,319.7
1_325,1,27.99,387,10832.13
1_326,1,59.11,14,827.54
1_327,1,38.99,10,389.90000000000003
1_328,1,29.24,321,9386.039999999999
1_329,1,4.99,13,64.87
1_33,1,30.99,33,1022.67
1_330,1,6.41,12,76.92
1_331,1,55.99,24,1343.76
1_332,1,2.24,16,35.84
1_333,1,15.99,379,6060.21
1_334,1,39.35,18,708.3000000000001
1_335,1,43.99,11,483.89000000000004
1_336,1,23.56,372,8764.32
1_337,1,24.99,381,9521.189999999999
1_338,1,61.38,18,1104.8400000000001
1_339,1,22.99,399,9173.01
1_34,1,27.77,88,2443.7599999999998
1_340,1,42.25,21,887.25
1_341,1,42.99,20,859.8000000000001
1_342,1,49.04,12,588.48
1_343,1,27.99,408,11419.92
1_344,1,5.07,14,70.98
1_345,1,32.99,14,461.86
1_346,1,39.88,11,438.68
1_347,1,21.99,363,7982.369999999999
1_348,1,16.15,394,6363.099999999999
1_349,1,32.99,9,296.91
1_35,1,45.99,38,1747.6200000000001
1_350,1,20.83,393,8186.19
1_351,1,28.99,410,11885.9
1_352,1,19.57,396,7749.72
1_353,1,26.99,423,11416.769999999999
1_354,1,68.49,8,547.92
1_355,1,35.99,12,431.88
1_356,1,33.26,12,399.12
1_357,1,5.99,13,77.87
1_358,1,17.24,441,7602.839999999999
1_359,1,5.99,7,41.93
1_36,1,2.64,19,50.160000000000004
1_360,1,34.35,15,515.25
1_361,1,5.99,15,89.85000000000001
1_362,1,11.25,553,6221.25
1_363,1,16.99,599,10177.009999999998
1_364,1,10.3,641,6602.3
1_365,1,13.99,728,10184.72
1_366,1,28.54,789,22518.059999999998
1_367,1,13.99,788,11024.12
1_368,1,49.42,9,444.78000000000003
1_369,1,23.99,1081,25933.19
1_37,1,31.99,15,479.84999999999997
1_370,1,13.11,745,9766.949999999999
1_371,1,33.99,9,305.91
1_372,1,30.12,9,271.08
1_373,1,31.99,13,415.87
1_374,1,10.71,801,8578.710000000001
1_375,1,3.99,9,35.910000000000004
1_376,1,17.49,881,15408.689999999999
1_377,1,38.99,8,311.92
1_378,1,26.61,824,21926.64
1_379,1,26.99,827,22320.73
1_38,1,9.1,25,227.5
1_380,1,8.93,17,151.81
1_381,1,15.99,842,13463.58
1_382,1,61.52,3,184.56
1_383,1,28.99,860,24931.399999999998
1_384,1,46.95,6,281.70000000000005
1_385,1,25.99,864,22455.359999999997
1_386,1,5.73,8,45.84
1_387,1,9.99,9,89.91
1_388,1,16.7,865,14445.5
1_389,1,24.99,861,21516.39
1_39,1,12.99,83,1078.17
1_390,1,8.58,4,34.32
1_391,1,49.99,4,199.96
1_392,1,18.11,887,16063.57
1_393,1,35.99,3,107.97
1_394,1,39.73,0,0.0
1_395,1,28.99,891,25830.09
1_396,1,18.6,929,17279.4
1_397,1,18.99,855,16236.449999999999
1_398,1,10.17,952,9681.84
1_399,1,3.99,6,23.94
1_4,1,24.21,40,968.4000000000001
1_40,1,30.25,19,574.75
1_400,1,16.6,903,14989.800000000001
1_401,1,32.99,7,230.93
1_402,1,34.52,1,34.52
1_403,1,17.99,939,16892.609999999997
1_404,1,9.85,2,19.7
1_405,1,7.99,3,23.97
1_406,1,24.81,946,23470.26
1_407,1,15.99,933,14918.67
1_408,1,35.24,1,35.24
1_409,1,55.99,2,111.98
1_41,1,11.99,80,959.2
1_410,1,46.87,7,328.09
1_411,1,32.99,3,98.97
1_412,1,16.65,931,15501.149999999998
1_413,1,17.99,944,16982.559999999998
1_414,1,23.83,1027,24473.41
1_415,1,59.99,5,299.95
1_416,1,64.62,5,323.1
1_417,1,20.99,1062,22291.379999999997
1_418,1,37.85,4,151.4
1_419,1,39.99,5,199.95000000000002
1_42,1,46.37,21,973.77
1_420,1,7.12,2,14.24
1_421,1,30.99,3,92.97
1_422,1,30.76,7,215.32000000000002
1_423,1,8.99,3,26.97
1_424,1,4.91,5,24.55
1_425,1,16.99,1013,17210.87
1_426,1,19.44,798,15513.12
1_427,1,32.99,6,197.94
1_428,1,39.23,6,235.38
1_429,1,49.99,6,299.94
1_43,1,23.99,82,1967.1799999999998
1_430,1,4.93,8,39.44
1_431,1,27.99,818,22895.82
1_432,1,24.2,736,17811.2
1_433,1,18.99,606,11507.939999999999
1_434,1,15.87,596,9458.52
1_435,1,11.99,622,7457.78
1_436,1,11.76,625,7350.0
1_437,1,26.99,605,16328.949999999999
1_438,1,5.24,4,20.96
1_439,1,38.99,4,155.96
1_44,1,14.49,78,1130.22
1_440,1,7.32,5,36.6
1_441,1,24.99,579,14469.21
1_442,1,24.98,571,14263.58
1_443,1,59.99,5,299.95
1_444,1,12.61,615,7755.15
1_445,1,23.99,581,13938.189999999999
1_446,1,23.92,563,13466.960000000001
1_447,1,42.99,6,257.94
1_448,1,13.79,654,9018.66
1_449,1,14.99,587,8799.130000000001
1_45,1,26.99,73,1970.27
1_450,1,31.64,8,253.12
1_451,1,20.99,618,12971.82
1_452,1,40.8,6,244.79999999999998
1_453,1,13.99,620,8673.8
1_454,1,32.12,4,128.48
1_455,1,33.99,10,339.90000000000003
1_456,1,28.27,735,20778.45
1_457,1,22.99,685,15748.15
1_458,1,51.55,6,309.29999999999995
1_459,1,15.99,687,10985.130000000001
1_46,1,37.1,21,779.1
1_460,1,7.53,11,82.83
1_461,1,12.99,652,8469.48
1_462,1,16.66,661,11012.26
1_463,1,36.99,11,406.89000000000004
1_464,1,15.01,703,10552.03
1_465,1,8.99,5,44.95
1_466,1,15.81,656,10371.36
1_467,1,8.99,9,80.91
1_468,1,17.75,750,13312.5
1_469,1,5.99,7,41.93
1_47,1,30.99,23,712.77
1_470,1,5.41,3,16.23
1_471,1,31.99,6,191.94
1_472,1,9.18,5,45.9
1_473,1,2.99,5,14.950000000000001
1_474,1,49.47,8,395.76
1_475,1,20.99,712,14944.88
1_476,1,45.37,9,408.33
1_477,1,6.99,11,76.89
1_478,1,38.63,4,154.52
1_479,1,62.99,5,314.95
1_48,1,47.22,29,1369.3799999999999
1_480,1,19.08,742,14157.359999999999
1_481,1,44.99,5,224.95000000000002
1_482,1,8.98,10,89.80000000000001
1_483,1,15.99,690,11033.1
1_484,1,8.28,4,33.12
1_485,1,37.99,3,113.97
1_486,1,7.77,6,46.62
1_487,1,40.99,13,532.87
1_488,1,12.19,740,9020.6
1_489,1,6.99,9,62.910000000000004
1_49,1,28.99,90,2609.1
1_490,1,57.92,13,752.96
1_491,1,4.99,6,29.94
1_492,1,45.78,6,274.68
1_493,1,10.99,777,8539.23
1_494,1,49.16,3,147.48
1_495,1,21.99,296,6509.04
1_496,1,70.51,4,282.04
1_497,1,49.99,4,199.96
1_498,1,23.37,1036,24211.32
1_499,1,60.99,9,548.91
1_5,1,9.99,24,239.76
1_50,1,20.93,80,1674.4
1_500,1,34.93,4,139.72
1_501,1,41.99,10,419.90000000000003
1_502,1,4.9,7,34.300000000000004
1_503,1,26.99,302,8150.98
1_504,1,13.79,340,4688.599999999999
1_505,1,16.99,150,2548.4999999999995
1_506,1,13.65,136,1856.4
1_507,1,25.99,150,3898.4999999999995
1_508,1,21.92,133,2915.36
1_509,1,9.99,4,39.96
1_51,1,45.99,16,735.84
1_510,1,26.93,125,3366.25
1_511,1,2.99,6,17.94
1_512,1,35.06,6,210.36
1_513,1,35.99,6,215.94
1_514,1,67.66,2,135.32
1_515,1,17.99,166,2986.3399999999997
1_516,1,24.24,147,3563.2799999999997
1_517,1,5.99,12,71.88
1_518,1,6.52,22,143.44
1_519,1,51.99,20,1039.8
1_52,1,14.04,109,1530.36
1_520,1,13.35,172,2296.2
1_521,1,22.99,164,3770.3599999999997
1_522,1,22.41,181,4056.21
1_523,1,23.99,173,4150.2699999999995
1_524,1,22.02,165,3633.2999999999997
1_525,1,36.99,26,961.74
1_526,1,8.77,18,157.85999999999999
1_527,1,19.99,150,2998.4999999999995
1_528,1,33.53,26,871.78
1_529,1,17.99,166,2986.3399999999997
1_53,1,28.99,100,2899.0
1_530,1,18.55,144,2671.2000000000003
1_531,1,6.99,43,300.57
1_532,1,11.32,128,1448.96
1_533,1,11.99,152,1822.48
1_534,1,13.43,152,2041.36
1_535,1,13.99,154,2154.46
1_536,1,11.21,169,1894.4900000000002
1_537,1,14.99,165,2473.35
1_538,1,27.03,157,4243.71
1_539,1,49.99,32,1599.68
1_54,1,18.88,99,1869.12
1_540,1,6.59,42,276.78
1_541,1,13.99,179,2504.21
1_542,1,19.47,170,3309.8999999999996
1_543,1,51.99,19,987.8100000000001
1_544,1,29.54,173,5110.42
1_545,1,31.99,21,671.79
1_546,1,55.89,23,1285.47
1_547,1,15.99,179,2862.21
1_548,1,13.59,147,1997.73
1_549,1,33.99,23,781.7700000000001
1_55,1,7.99,15,119.85000000000001
1_550,1,15.54,170,2641.7999999999997
1_551,1,14.99,117,1753.83
1_552,1,56.07,25,1401.75
1_553,1,52.99,34,1801.66
1_554,1,43.09,31,1335.7900000000002
1_555,1,32.99,33,1088.67
1_556,1,24.47,109,2667.23
1_557,1,36.99,42,1553.5800000000002
1_558,1,24.51,139,3406.8900000000003
1_559,1,24.99,111,2773.89
1_56,1,13.98,91,1272.18
1_560,1,18.18,112,2036.1599999999999
1_561,1,30.99,39,1208.61
1_562,1,40.5,48,1944.0
1_563,1,5.99,41,245.59
1_564,1,62.99,43,2708.57
1_565,1,19.99,112,2238.8799999999997
1_566,1,16.95,138,2339.1
1_567,1,11.99,113,1354.8700000000001
1_568,1,19.35,121,2341.3500000000004
1_569,1,46.99,41,1926.5900000000001
1_57,1,11.99,108,1294.92
1_570,1,18.49,135,2496.1499999999996
1_571,1,31.99,34,1087.6599999999999
1_572,1,19.95,123,2453.85
1_573,1,9.99,46,459.54
1_574,1,33.2,44,1460.8000000000002
1_575,1,6.99,28,195.72
1_576,1,17.2,103,1771.6
1_577,1,32.99,35,1154.65
1_578,1,37.44,41,1535.04
1_579,1,23.99,129,3094.7099999999996
1_58,1,2.95,26,76.7
1_580,1,21.09,124,2615.16
1_581,1,20.99,116,2434.8399999999997
1_582,1,27.61,136,3754.96
1_583,1,16.99,118,2004.8199999999997
1_584,1,9.73,35,340.55
1_585,1,19.99,120,2398.7999999999997
1_586,1,61.23,41,2510.43
1_587,1,4.99,49,244.51000000000002
1_588,1,12.62,128,1615.36
1_589,1,20.99,139,2917.6099999999997
1_59,1,8.99,12,107.88
1_590,1,31.82,13,413.66
1_591,1,39.99,14,559.86
1_592,1,23.68,114,2699.52
1_593,1,20.99,133,2791.6699999999996
1_594,1,4.58,15,68.7
1_595,1,31.99,17,543.8299999999999
1_596,1,11.12,130,1445.6
1_597,1,29.99,137,4108.63
1_598,1,14.05,137,1924.8500000000001
1_599,1,12.99,133,1727.67
1_6,1,26.68,49,1307.32
1_60,1,26.46,86,2275.56
1_600,1,33.08,18,595.4399999999999
1_601,1,21.99,148,3254.52
1_602,1,39.07,22,859.54
1_603,1,34.99,14,489.86
1_604,1,36.42,15,546.3000000000001
1_605,1,30.99,8,247.92
1_606,1,28.0,159,4452.0
1_607,1,26.99,139,3751.6099999999997
1_608,1,72.75,11,800.25
1_609,1,7.99,19,151.81
1_61,1,18.99,101,1917.9899999999998
1_610,1,32.98,16,527.68
1_611,1,16.99,192,3262.08
1_612,1,29.55,194,5732.7
1_613,1,4.99,13,64.87
1_614,1,10.73,196,2103.08
1_615,1,23.99,255,6117.45
1_616,1,29.02,234,6790.68
1_617,1,14.99,244,3657.56
1_618,1,29.36,243,7134.48
1_619,1,12.99,257,3338.43
1_62,1,22.79,74,1686.46
1_620,1,47.3,21,993.3
1_621,1,17.99,227,4083.7299999999996
1_622,1,17.41,269,4683.29
1_623,1,49.99,23,1149.77
1_624,1,36.82,19,699.58
1_625,1,22.99,239,5494.61
1_626,1,47.35,29,1373.15
1_627,1,35.99,13,467.87
1_628,1,41.37,31,1282.47
1_629,1,33.99,18,611.82
1_63,1,16.99,81,1376.1899999999998
1_630,1,10.75,253,2719.75
1_631,1,14.99,261,3912.39
1_632,1,60.87,34,2069.58
1_633,1,3.99,20,79.80000000000001
1_634,1,21.18,265,5612.7
1_635,1,26.99,260,7017.4
1_636,1,52.72,25,1318.0
1_637,1,32.99,17,560.83
1_638,1,30.92,14,432.88
1_639,1,10.99,278,3055.2200000000003
1_64,1,19.81,84,1664.04
1_640,1,11.9,273,3248.7000000000003
1_641,1,9.99,25,249.75
1_642,1,37.13,25,928.2500000000001
1_643,1,29.99,252,7557.48
1_644,1,25.79,283,7298.57
1_645,1,60.99,26,1585.74
1_646,1,8.38,18,150.84
1_647,1,29.99,258,7737.419999999999
1_648,1,32.98,18,593.64
1_649,1,18.99,305,5791.95
1_65,1,32.99,15,494.85
1_650,1,44.15,30,1324.5
1_651,1,18.99,272,5165.28
1_652,1,27.52,272,7485.44
1_653,1,25.99,281,7303.19
1_654,1,38.91,25,972.7499999999999
1_655,1,5.99,30,179.70000000000002
1_656,1,6.62,18,119.16
1_657,1,53.99,14,755.86
1_658,1,7.72,14,108.08
1_659,1,8.99,16,143.84
1_66,1,9.56,14,133.84
1_660,1,22.23,278,6179.9400000000005
1_661,1,22.99,279,6414.209999999999
1_662,1,6.04,35,211.4
1_663,1,17.99,258,4641.419999999999
1_664,1,47.83,44,2104.52
1_665,1,32.99,37,1220.63
1_666,1,9.89,38,375.82000000000005
1_667,1,29.99,267,8007.33
1_668,1,33.17,20,663.4000000000001
1_669,1,15.99,301,4812.99
1_67,1,54.99,19,1044.81
1_670,1,29.55,277,8185.35
1_671,1,31.99,32,1023.68
1_672,1,39.36,36,1416.96
1_673,1,12.99,259,3364.41
1_674,1,40.06,32,1281.92
1_675,1,8.99,13,116.87
1_676,1,19.5,235,4582.5
1_677,1,16.99,245,4162.549999999999
1_678,1,5.78,32,184.96
1_679,1,79.99,27,2159.73
1_68,1,30.95,24,742.8
1_680,1,6.2,18,111.60000000000001
1_681,1,6.99,14,97.86
1_682,1,6.49,27,175.23000000000002
1_683,1,13.99,199,2784.01
1_684,1,11.2,188,2105.6
1_685,1,15.99,202,3229.98
1_686,1,24.03,194,4661.820000000001
1_687,1,7.99,24,191.76
1_688,1,18.19,209,3801.7100000000005
1_689,1,35.99,24,863.76
1_69,1,23.99,50,1199.5
1_690,1,9.98,27,269.46000000000004
1_691,1,45.99,21,965.7900000000001
1_692,1,13.04,204,2660.16
1_693,1,50.99,29,1478.71
1_694,1,19.87,183,3636.21
1_695,1,26.99,190,5128.099999999999
1_696,1,37.2,31,1153.2
1_697,1,4.99,20,99.80000000000001
1_698,1,18.3,202,3696.6000000000004
1_699,1,7.99,16,127.84
1_7,1,48.99,31,1518.69
1_70,1,36.09,11,396.99
1_700,1,7.01,13,91.13
1_701,1,26.99,208,5613.92
1_702,1,15.2,220,3344.0
1_703,1,9.99,23,229.77
1_704,1,31.63,15,474.45
1_705,1,37.99,23,873.7700000000001
1_706,1,24.66,198,4882.68
1_707,1,6.99,10,69.9
1_708,1,23.06,216,4980.96
1_709,1,45.99,14,643.86
1_71,1,34.99,19,664.8100000000001
1_710,1,27.94,199,5560.06
1_711,1,39.99,12,479.88
1_712,1,25.48,226,5758.4800000000005
1_713,1,33.99,38,1291.6200000000001
1_714,1,5.0,40,200.0
1_715,1,62.99,36,2267.64
1_716,1,7.85,41,321.84999999999997
1_717,1,9.99,39,389.61
1_718,1,21.39,201,4299.39
1_719,1,41.99,29,1217.71
1_72,1,9.84,32,314.88
1_720,1,10.86,209,2269.74
1_721,1,21.99,185,4068.1499999999996
1_722,1,33.3,44,1465.1999999999998
1_723,1,10.99,225,2472.75
1_724,1,16.94,236,3997.84
1_725,1,8.99,44,395.56
1_726,1,10.79,200,2158.0
1_727,1,16.99,214,3635.8599999999997
1_728,1,4.06,40,162.39999999999998
1_729,1,31.99,36,1151.6399999999999
1_73,1,19.99,70,1399.3
1_730,1,22.65,205,4643.25
1_731,1,11.99,210,2517.9
1_732,1,3.28,24,78.72
1_733,1,31.99,23,735.77
1_734,1,24.28,206,5001.68
1_735,1,22.99,250,5747.5
1_736,1,10.29,233,2397.5699999999997
1_737,1,6.99,29,202.71
1_738,1,18.73,101,1891.73
1_74,1,35.02,41,1435.8200000000002
1_75,1,23.99,76,1823.2399999999998
1_76,1,36.32,34,1234.88
1_77,1,20.99,48,1007.52
1_78,1,3.94,32,126.08
1_79,1,32.99,31,1022.69
1_8,1,21.57,47,1013.79
1_80,1,28.66,60,1719.6
1_81,1,33.99,51,1733.49
1_82,1,31.81,41,1304.21
1_83,1,16.99,61,1036.3899999999999
1_84,1,14.04,75,1053.0
1_85,1,22.99,74,1701.26
1_86,1,34.77,41,1425.5700000000002
1_87,1,58.99,40,2359.6
1_88,1,53.42,25,1335.5
1_89,1,32.99,32,1055.68
1_9,1,7.99,44,351.56
1_90,1,24.19,70,1693.3000000000002
1_91,1,20.99,105,2203.95
1_92,1,11.03,95,1047.85
1_93,1,22.99,59,1356.4099999999999
1_94,1,27.11,61,1653.71
1_95,1,21.99,70,1539.3
1_96,1,7.58,27,204.66
1_97,1,23.99,76,1823.2399999999998
1_98,1,22.59,89,2010.51
1_99,1,21.99,59,1297.4099999999999
2_0,2,162.03,56,9073.68
2_1,2,56.99,148,8434.52
2_10,2,60.37,173,10444.01
2_100,2,72.11,6,432.65999999999997
2_101,2,63.99,323,20668.77
2_102,2,59.14,489,28919.46
2_103,2,157.99,3,473.97
2_104,2,43.35,332,14392.2
2_105,2,125.99,7,881.93
2_106,2,110.08,8,880.64
2_107,2,33.99,3,101.97
2_108,2,63.36,314,19895.04
2_109,2,53.99,365,19706.350000000002
2_11,2,201.99,5,1009.95
2_110,2,62.25,434,27016.5
2_111,2,114.99,3,344.96999999999997
2_112,2,67.57,473,31960.609999999997
2_113,2,56.99,210,11967.9
2_114,2,85.89,3,257.67
2_115,2,50.99,130,6628.7
2_116,2,46.31,114,5279.34
2_117,2,105.99,5,529.9499999999999
2_118,2,96.56,6,579.36
2_119,2,164.99,25,4124.75
2_12,2,57.91,159,9207.689999999999
2_120,2,42.19,106,4472.139999999999
2_121,2,170.99,5,854.95
2_122,2,70.0,5,350.0
2_123,2,147.99,6,887.94
2_124,2,100.56,2,201.12
2_125,2,231.99,3,695.97
2_126,2,116.98,4,467.92
2_127,2,68.99,137,9451.63
2_128,2,201.74,3,605.22
2_129,2,127.99,4,511.96
2_13,2,50.99,168,8566.32
2_130,2,142.58,1,142.58
2_131,2,127.99,2,255.98
2_132,2,166.21,13,2160.73
2_133,2,109.99,13,1429.87
2_134,2,85.27,20,1705.3999999999999
2_135,2,68.99,491,33874.09
2_136,2,103.92,92,9560.64
2_137,2,83.99,90,7559.099999999999
2_138,2,84.02,84,7057.679999999999
2_139,2,82.99,80,6639.2
2_14,2,136.07,7,952.49
2_140,2,42.48,160,6796.799999999999
2_141,2,158.99,50,7949.5
2_142,2,105.24,47,4946.28
2_143,2,78.99,72,5687.28
2_144,2,157.42,72,11334.24
2_145,2,103.99,71,7383.29
2_146,2,115.3,71,8186.3
2_147,2,181.99,69,12557.310000000001
2_148,2,64.85,99,6420.15
2_149,2,80.99,43,3482.5699999999997
2_15,2,123.99,9,1115.9099999999999
2_150,2,157.63,68,10718.84
2_151,2,156.99,61,9576.390000000001
2_152,2,34.23,53,1814.1899999999998
2_153,2,139.99,68,9519.32
2_154,2,96.74,62,5997.88
2_155,2,46.99,297,13956.03
2_156,2,188.48,86,16209.279999999999
2_157,2,142.99,66,9437.34
2_158,2,247.22,66,16316.52
2_159,2,145.99,76,11095.240000000002
2_16,2,84.29,3,252.87
2_160,2,62.83,278,17466.739999999998
2_161,2,113.99,102,11626.98
2_162,2,102.82,119,12235.58
2_163,2,68.99,265,18282.35
2_164,2,52.26,239,12490.14
2_165,2,71.99,88,6335.12
2_166,2,230.04,111,25534.44
2_167,2,236.99,94,22277.06
2_168,2,104.76,83,8695.08
2_169,2,111.99,104,11646.96
2_17,2,103.99,7,727.93
2_170,2,115.93,91,10549.630000000001
2_171,2,79.99,54,4319.46
2_172,2,158.17,75,11862.749999999998
2_173,2,155.99,47,7331.530000000001
2_174,2,83.63,33,2759.79
2_175,2,60.99,199,12137.01
2_176,2,134.57,21,2825.97
2_177,2,88.99,20,1779.8
2_178,2,176.2,15,2643.0
2_179,2,49.99,200,9998.0
2_18,2,129.11,6,774.6600000000001
2_180,2,85.28,25,2132.0
2_181,2,57.99,245,14207.550000000001
2_182,2,106.52,25,2663.0
2_183,2,77.99,19,1481.81
2_184,2,49.61,248,12303.28
2_185,2,43.99,252,11085.480000000001
2_186,2,84.96,19,1614.2399999999998
2_187,2,157.99,19,3001.8100000000004
2_188,2,73.72,14,1032.08
2_189,2,142.99,23,3288.7700000000004
2_19,2,69.99,153,10708.47
2_190,2,175.67,20,3513.3999999999996
2_191,2,67.99,256,17405.44
2_192,2,127.39,15,1910.85
2_193,2,114.99,16,1839.84
2_194,2,138.53,20,2770.6
2_195,2,116.99,12,1403.8799999999999
2_196,2,103.92,23,2390.16
2_197,2,80.99,20,1619.8
2_198,2,138.32,12,1659.84
2_199,2,136.99,13,1780.8700000000001
2_2,2,300.0,8,2400.0
2_20,2,83.51,11,918.61
2_200,2,115.75,16,1852.0
2_201,2,86.99,21,1826.79
2_202,2,67.57,348,23514.359999999997
2_203,2,136.99,21,2876.79
2_204,2,91.82,15,1377.3
2_205,2,100.99,26,2625.74
2_206,2,71.21,34,2421.14
2_207,2,50.99,384,19580.16
2_208,2,54.87,405,22222.35
2_209,2,69.99,390,27296.1
2_21,2,105.99,4,423.96
2_210,2,132.52,25,3313.0000000000005
2_211,2,203.99,54,11015.460000000001
2_212,2,104.78,37,3876.86
2_213,2,189.99,51,9689.49
2_214,2,79.04,49,3872.9600000000005
2_215,2,49.99,172,8598.28
2_216,2,72.01,44,3168.44
2_217,2,102.99,45,4634.55
2_218,2,89.54,31,2775.7400000000002
2_219,2,86.99,38,3305.62
2_22,2,109.38,7,765.66
2_220,2,130.8,30,3924.0000000000005
2_221,2,90.99,44,4003.56
2_222,2,103.58,50,5179.0
2_223,2,175.99,30,5279.700000000001
2_224,2,87.4,41,3583.4
2_225,2,157.99,31,4897.6900000000005
2_226,2,65.75,160,10520.0
2_227,2,50.99,148,7546.52
2_228,2,225.17,36,8106.12
2_229,2,80.99,30,2429.7
2_23,2,115.99,1,115.99
2_230,2,57.04,189,10780.56
2_231,2,111.99,36,4031.64
2_232,2,104.06,31,3225.86
2_233,2,172.99,24,4151.76
2_234,2,81.19,22,1786.1799999999998
2_235,2,195.99,22,4311.780000000001
2_236,2,118.51,41,4858.91
2_237,2,40.99,98,4017.02
2_238,2,93.92,2,187.84
2_24,2,96.88,3,290.64
2_25,2,101.99,7,713.93
2_26,2,42.51,136,5781.36
2_27,2,73.99,2,147.98
2_28,2,103.5,1,103.5
2_29,2,142.99,7,1000.9300000000001
2_3,2,202.99,12,2435.88
2_30,2,233.54,3,700.62
2_31,2,131.99,5,659.95
2_32,2,55.79,313,17462.27
2_33,2,30.99,13,402.87
2_34,2,72.42,10,724.2
2_35,2,139.99,9,1259.91
2_36,2,110.98,13,1442.74
2_37,2,48.99,436,21359.64
2_38,2,93.48,11,1028.28
2_39,2,57.99,435,25225.65
2_4,2,222.97,3,668.91
2_40,2,228.11,11,2509.21
2_41,2,68.99,192,13246.079999999998
2_42,2,120.61,13,1567.93
2_43,2,69.99,361,25266.39
2_44,2,70.92,9,638.28
2_45,2,32.99,9,296.91
2_46,2,41.31,346,14293.26
2_47,2,36.99,14,517.86
2_48,2,73.62,10,736.2
2_49,2,72.99,11,802.89
2_5,2,191.99,7,1343.93
2_50,2,150.69,11,1657.59
2_51,2,84.99,9,764.91
2_52,2,119.07,10,1190.6999999999998
2_53,2,93.99,16,1503.84
2_54,2,89.43,9,804.8700000000001
2_55,2,108.99,11,1198.8899999999999
2_56,2,116.67,10,1166.7
2_57,2,130.99,8,1047.92
2_58,2,96.69,11,1063.59
2_59,2,104.99,14,1469.86
2_6,2,101.51,11,1116.6100000000001
2_60,2,111.72,15,1675.8
2_61,2,39.99,6,239.94
2_62,2,60.96,254,15483.84
2_63,2,124.99,14,1749.86
2_64,2,163.94,11,1803.34
2_65,2,99.99,8,799.92
2_66,2,150.72,3,452.15999999999997
2_67,2,32.99,5,164.95000000000002
2_68,2,88.29,3,264.87
2_69,2,130.99,4,523.96
2_7,2,69.99,161,11268.39
2_70,2,129.74,8,1037.92
2_71,2,88.99,5,444.95
2_72,2,141.32,0,0.0
2_73,2,111.99,6,671.9399999999999
2_74,2,120.22,4,480.88
2_75,2,96.99,2,193.98
2_76,2,254.44,4,1017.76
2_77,2,145.99,1,145.99
2_78,2,167.49,3,502.47
2_79,2,55.99,189,10582.11
2_8,2,73.18,3,219.54000000000002
2_80,2,120.68,5,603.4000000000001
2_81,2,86.99,1,86.99
2_82,2,75.81,4,303.24
2_83,2,130.99,5,654.95
2_84,2,182.3,5,911.5
2_85,2,128.99,3,386.97
2_86,2,132.36,0,0.0
2_87,2,220.99,0,0.0
2_88,2,77.63,3,232.89
2_89,2,107.99,2,215.98
2_9,2,54.99,180,9898.2
2_90,2,182.3,2,364.6
2_91,2,96.99,4,387.96
2_92,2,78.05,8,624.4
2_93,2,78.99,1,78.99
2_94,2,145.45,5,727.25
2_95,2,98.99,3,296.96999999999997
2_96,2,47.91,281,13462.71
2_97,2,160.99,5,804.95
2_98,2,149.74,1,149.74
2_99,2,84.99,2,169.98
